date,breed,age_years,parity,lactation_stage,weight_kg,feed_kg,walking_km,rumination_min,temp_c,humidity,milk_liters,disease_label
01-01-2025 00:00,Sahiwal,8,4,mid,570,16.8,3.2,402,26.7,62,6.2,1
02-01-2025 00:00,HF Cross,5,3,late,449,8.7,3.7,593,20,60,17.3,0
03-01-2025 00:00,Holstein,6,4,early,348,14.3,2.3,487,25.5,86,17.4,0
04-01-2025 00:00,Gir,5,1,late,430,18.3,3.6,466,20.2,64,24.3,1
05-01-2025 00:00,Jersey,2,2,late,352,10.8,1.6,563,20.5,53,12.8,0
06-01-2025 00:00,Gir,5,2,early,353,14.6,1.3,490,32.6,83,23.8,1
07-01-2025 00:00,Gir,7,4,early,489,11.9,2.2,352,28.8,64,10.6,0
08-01-2025 00:00,Holstein,2,5,early,314,10,0.6,308,31.6,83,10.9,0
09-01-2025 00:00,HF Cross,4,1,late,462,17.5,3.2,530,29.8,67,22.3,0
10-01-2025 00:00,HF Cross,3,1,early,347,12.4,3.5,592,30.9,79,10.5,0
11-01-2025 00:00,Sahiwal,4,5,early,430,17.1,3,554,23.8,66,15.5,0
12-01-2025 00:00,Jersey,3,4,mid,478,8.4,3.4,351,28.4,43,23.2,0
13-01-2025 00:00,HF Cross,6,3,mid,328,10.7,0.8,486,30.4,67,23.6,1
14-01-2025 00:00,HF Cross,2,5,early,433,13.5,1.5,585,33.2,67,12.1,1
15-01-2025 00:00,Gir,2,1,mid,582,13.1,4.2,532,24.6,45,15.2,0
16-01-2025 00:00,Sahiwal,6,1,early,533,12.1,4.7,459,27.8,80,13.1,0
17-01-2025 00:00,Sahiwal,3,4,mid,567,11,2.7,412,22.2,56,10.3,1
18-01-2025 00:00,Holstein,5,5,mid,523,18.9,1.6,429,28,65,24.7,0
19-01-2025 00:00,Holstein,5,3,mid,483,10.9,3.8,579,27.1,73,17.7,0
20-01-2025 00:00,Holstein,9,1,early,500,11.8,1.3,558,28.9,75,5.3,0
21-01-2025 00:00,Jersey,4,4,early,498,10.1,3.6,427,27.8,79,7.8,0
22-01-2025 00:00,Holstein,2,2,late,450,14.5,3.6,562,29.9,65,24.6,0
23-01-2025 00:00,Gir,2,2,late,553,18.8,4.6,308,24.2,58,19.5,1
24-01-2025 00:00,HF Cross,9,1,late,415,9,1.2,403,29.1,74,12.4,1
25-01-2025 00:00,Holstein,2,5,early,493,16.3,3.4,468,22.6,43,9.7,0
26-01-2025 00:00,Holstein,5,3,mid,427,14.8,0.9,321,23.7,77,24.6,0
27-01-2025 00:00,Gir,9,3,late,326,17.5,2.8,583,30,72,8.9,0
28-01-2025 00:00,Gir,4,4,early,334,17.2,0.7,471,34.1,68,10.6,1
29-01-2025 00:00,Holstein,5,1,early,336,19.1,2.4,480,28.6,72,6.5,0
30-01-2025 00:00,HF Cross,9,1,mid,555,13.8,2.2,522,32.7,42,16.4,0
31-01-2025 00:00,Sahiwal,9,2,early,426,14.2,4.4,572,32.7,48,19,0
01-02-2025 00:00,Holstein,6,2,early,546,13,1.7,312,21.2,46,15,0
02-02-2025 00:00,HF Cross,2,4,mid,442,12.5,0.9,514,30.1,64,8.1,1
03-02-2025 00:00,Gir,7,2,late,357,8.4,0.7,570,25.4,76,15.4,0
04-02-2025 00:00,Gir,5,4,mid,304,13.5,4.3,346,30.5,79,19.5,1
05-02-2025 00:00,Jersey,5,2,mid,457,8.5,2.3,574,26.6,65,5.5,1
06-02-2025 00:00,Holstein,8,1,late,428,10.1,1.2,589,23.6,87,8.7,1
07-02-2025 00:00,Jersey,2,5,mid,491,14.7,3.3,546,20.7,65,12.1,0
08-02-2025 00:00,Gir,2,5,late,519,8.6,0.7,537,34.7,44,14.5,0
09-02-2025 00:00,Holstein,9,5,late,338,12.2,2.6,322,20.7,44,22.7,0
10-02-2025 00:00,Gir,3,2,mid,446,14,4.4,303,29.2,55,17.8,0
11-02-2025 00:00,Gir,9,3,late,451,16.1,3.1,332,26.9,82,23.8,0
12-02-2025 00:00,Gir,2,2,late,342,10.3,0.8,394,25.7,89,18.7,0
13-02-2025 00:00,HF Cross,9,5,late,389,12.1,1.7,495,30.4,89,17.6,1
14-02-2025 00:00,HF Cross,5,1,mid,576,19.6,3,491,28.6,74,13.3,0
15-02-2025 00:00,Jersey,8,5,late,567,13.1,3.9,516,23.6,69,23.1,0
16-02-2025 00:00,Jersey,9,1,mid,486,9.2,0.7,532,32.7,48,11.4,1
17-02-2025 00:00,Holstein,9,4,late,443,13.4,1.8,324,28.3,60,20,0
18-02-2025 00:00,Holstein,2,5,late,480,13.9,0.8,522,20.8,74,22.8,0
19-02-2025 00:00,Gir,3,4,early,308,17.1,3.3,552,32.6,85,19,0
20-02-2025 00:00,Jersey,3,3,early,421,9.8,2.8,435,25.6,40,22.6,0
21-02-2025 00:00,Jersey,8,1,mid,431,12.2,3.7,574,31.7,78,13.5,1
22-02-2025 00:00,Jersey,8,3,early,472,8.1,2.6,357,31.1,47,7.4,0
23-02-2025 00:00,Holstein,2,3,early,489,12.8,2.6,416,34.4,83,24.6,0
24-02-2025 00:00,Jersey,8,5,mid,379,14.3,5,528,23.8,58,24.4,0
25-02-2025 00:00,HF Cross,2,1,late,313,11.5,5,353,28.8,55,19.7,1
26-02-2025 00:00,Gir,3,4,early,455,12,1.3,463,27,89,10.3,0
27-02-2025 00:00,HF Cross,5,3,mid,444,11.4,2.4,519,24.1,52,23.2,1
28-02-2025 00:00,HF Cross,3,3,mid,555,15,4.6,309,34,89,16,0
01-03-2025 00:00,Gir,9,1,late,364,13.8,4.9,566,28.9,64,24.4,1
02-03-2025 00:00,Holstein,6,1,early,397,8.4,1.1,305,30.4,44,25,1
03-03-2025 00:00,Sahiwal,6,5,late,352,19.3,4.3,444,23.6,48,7.6,1
04-03-2025 00:00,Holstein,6,4,early,587,8.6,1.7,338,30.1,73,14.5,1
05-03-2025 00:00,Sahiwal,3,4,early,353,19.6,0.9,550,26.1,87,14.6,0
06-03-2025 00:00,Gir,6,5,late,365,17.7,4.6,491,20.2,77,17.2,0
07-03-2025 00:00,Jersey,8,3,early,548,14.2,4,329,29.3,56,24,0
08-03-2025 00:00,Sahiwal,9,1,mid,572,11.1,2.6,333,29.3,41,11.6,0
09-03-2025 00:00,Holstein,9,3,early,410,9.5,1.1,394,26,55,17.8,0
10-03-2025 00:00,HF Cross,9,1,early,494,18.5,2.8,459,22.6,58,21.4,0
11-03-2025 00:00,Gir,3,5,late,321,9.1,1,532,25.3,85,12.3,0
12-03-2025 00:00,Gir,6,3,late,372,9.1,2.7,513,21.2,69,8.1,0
13-03-2025 00:00,Gir,2,2,mid,591,17.7,3.9,552,34.8,86,12.4,0
14-03-2025 00:00,Holstein,3,4,early,377,13.6,3.9,313,22.2,46,18.7,1
15-03-2025 00:00,Gir,4,4,early,573,13.4,2.9,314,21.6,76,8.6,0
16-03-2025 00:00,HF Cross,2,2,early,425,9.4,4.5,511,27.1,49,20.8,0
17-03-2025 00:00,Jersey,8,4,late,410,16.8,3,535,21.9,80,11.7,1
18-03-2025 00:00,Gir,9,2,mid,528,19.2,0.5,576,22.3,87,8.2,0
19-03-2025 00:00,Sahiwal,7,1,early,546,8.6,0.6,528,34.7,70,22.9,0
20-03-2025 00:00,Holstein,4,4,late,433,19.7,2.7,361,33.9,54,15.7,0
21-03-2025 00:00,Sahiwal,6,4,late,432,10.2,2,574,23,59,9.8,0
22-03-2025 00:00,Gir,3,5,mid,438,19.2,1.9,558,20.8,89,14.1,0
23-03-2025 00:00,Jersey,3,4,late,312,16.2,0.9,400,20,48,16.9,0
24-03-2025 00:00,Gir,8,3,early,393,9.3,4.3,535,26.1,50,23.8,0
25-03-2025 00:00,Gir,4,1,early,595,16.7,0.7,566,31.9,53,21,1
26-03-2025 00:00,Jersey,6,5,mid,377,14.3,2.1,536,28.8,57,21.3,0
27-03-2025 00:00,Jersey,7,3,late,424,11.6,3.9,442,28.7,56,23,0
28-03-2025 00:00,HF Cross,7,5,late,403,10.7,2.9,497,34.1,46,19.6,0
29-03-2025 00:00,Gir,5,5,early,588,14.4,4.5,456,22.3,72,19.1,0
30-03-2025 00:00,Holstein,2,4,late,385,16.6,2.7,417,32.3,70,12.6,0
31-03-2025 00:00,Sahiwal,5,5,late,435,9.8,1.5,472,30.8,70,17,0
01-04-2025 00:00,HF Cross,3,3,early,582,12.1,1.3,337,23.4,62,14.2,1
02-04-2025 00:00,Holstein,5,2,mid,440,9.7,1,410,30.9,82,23.6,0
03-04-2025 00:00,Jersey,5,5,late,592,16.5,1.2,391,25.6,48,13.5,0
04-04-2025 00:00,Holstein,9,1,mid,513,18.9,1.1,400,34.8,85,8.7,1
05-04-2025 00:00,HF Cross,2,3,early,448,12.6,3.8,501,32,65,11.7,0
06-04-2025 00:00,Sahiwal,2,2,mid,374,19.1,2.6,316,28.8,83,23.3,0
07-04-2025 00:00,Sahiwal,2,4,early,497,8.4,1.9,584,28.7,61,9.4,0
08-04-2025 00:00,Gir,2,1,early,383,13.5,3,362,35,88,11,0
09-04-2025 00:00,Jersey,7,3,early,510,12.2,2.6,585,32.5,58,6.3,0
10-04-2025 00:00,Jersey,8,2,early,493,14.4,2.7,521,28.4,43,8.6,1
11-04-2025 00:00,Gir,8,3,late,587,11.3,4.5,461,26.1,62,24.6,1
12-04-2025 00:00,Sahiwal,8,5,early,307,8.3,1.5,554,20.3,86,16.4,1
13-04-2025 00:00,Gir,5,2,mid,590,10.9,3.8,419,32.1,55,12.9,0
14-04-2025 00:00,Jersey,6,2,early,306,15.6,3.8,384,20.4,58,16.7,0
15-04-2025 00:00,HF Cross,3,1,late,496,12.1,1.7,494,28.9,51,21.6,0
16-04-2025 00:00,HF Cross,9,1,mid,525,18.3,1.5,579,21.7,69,14.7,1
17-04-2025 00:00,HF Cross,9,1,late,414,14.1,3.8,536,26,48,7.8,1
18-04-2025 00:00,Sahiwal,5,2,mid,328,10.1,1.7,374,32.3,60,21.3,0
19-04-2025 00:00,Holstein,3,1,early,464,15.8,4.2,386,21.6,61,7.7,1
20-04-2025 00:00,Sahiwal,7,3,mid,467,11,3.3,472,32.6,60,12.7,0
21-04-2025 00:00,Jersey,9,2,early,492,9,3.2,581,21,50,10.8,0
22-04-2025 00:00,Gir,2,3,mid,594,15.3,4.8,354,30,61,19.7,0
23-04-2025 00:00,Sahiwal,5,4,mid,526,18.1,4.3,500,31.6,48,6.5,0
24-04-2025 00:00,Jersey,2,5,late,403,13.2,1.6,430,21.2,83,18.9,0
25-04-2025 00:00,HF Cross,3,4,mid,574,11.8,4.1,316,34.3,88,8.7,0
26-04-2025 00:00,Sahiwal,9,3,early,563,15.7,3.9,497,34.7,57,14.8,0
27-04-2025 00:00,Jersey,3,1,early,325,8.5,3.7,498,35,65,16.4,1
28-04-2025 00:00,Jersey,7,5,mid,306,11.6,4.7,514,31.9,70,22.2,1
29-04-2025 00:00,Jersey,3,3,late,402,8.4,3.2,407,21.8,73,22.7,0
30-04-2025 00:00,HF Cross,3,4,late,338,11.8,2.9,509,27.8,84,17.3,0
01-05-2025 00:00,Sahiwal,8,3,late,469,19.9,0.5,568,27.9,71,23.7,0
02-05-2025 00:00,HF Cross,7,4,early,328,17.2,2.3,544,27.2,55,22.5,1
03-05-2025 00:00,Jersey,3,1,late,364,10.9,1,441,24.5,89,10.9,0
04-05-2025 00:00,Gir,2,1,early,372,9.3,2.3,439,34.3,76,20.7,0
05-05-2025 00:00,HF Cross,7,3,early,361,15.4,1.3,351,21,47,23.9,0
06-05-2025 00:00,Holstein,6,3,late,406,10.1,1.5,540,34.4,45,21,0
07-05-2025 00:00,Sahiwal,8,1,late,308,19.1,5,360,23.9,74,20.2,0
08-05-2025 00:00,Gir,9,3,mid,459,13.6,3.3,388,28.9,53,22.2,0
09-05-2025 00:00,Holstein,9,3,early,422,9.6,4.5,525,32.9,48,11.6,1
10-05-2025 00:00,Sahiwal,4,3,late,525,12.9,2.2,550,30.9,65,15.7,1
11-05-2025 00:00,HF Cross,9,5,mid,583,8.9,4.3,339,33.2,68,23.1,0
12-05-2025 00:00,HF Cross,9,2,early,339,14.8,1.7,561,27.8,55,18.2,1
13-05-2025 00:00,Jersey,4,1,mid,568,18,3.6,469,21.6,66,20.1,0
14-05-2025 00:00,Jersey,4,5,mid,548,8.4,4.2,459,25,69,23.2,0
15-05-2025 00:00,Jersey,3,5,late,311,8.1,1.8,345,24.9,80,17.6,0
16-05-2025 00:00,Gir,5,5,late,462,9.5,1.8,373,26.5,73,11.8,0
17-05-2025 00:00,Jersey,7,5,late,577,19.2,3.6,541,34.2,56,20.4,0
18-05-2025 00:00,Holstein,7,1,late,321,15.5,0.7,569,34.6,68,13.9,0
19-05-2025 00:00,Sahiwal,5,5,mid,306,8.8,4.2,378,32.3,50,18.7,0
20-05-2025 00:00,Holstein,7,2,mid,584,19.3,1,338,27.9,68,18.9,0
21-05-2025 00:00,Holstein,3,4,late,321,9.6,4.4,535,20.5,68,23.9,0
22-05-2025 00:00,Sahiwal,4,4,late,561,17.1,2.5,556,24.8,77,9.6,0
23-05-2025 00:00,Jersey,9,1,mid,580,16.6,3,507,28.1,85,9.1,0
24-05-2025 00:00,Holstein,9,3,early,473,14.4,0.6,480,33.7,42,8.7,0
25-05-2025 00:00,Sahiwal,7,1,late,535,11,3,513,28.7,41,21,0
26-05-2025 00:00,Jersey,6,1,early,371,13.6,3.6,394,30.8,50,18.9,1
27-05-2025 00:00,Gir,7,1,late,566,13.8,1,375,34.8,71,5.4,0
28-05-2025 00:00,Holstein,5,4,mid,460,14.7,0.5,301,28,80,12,0
29-05-2025 00:00,Gir,5,2,mid,402,9.6,3.1,473,30.4,54,9,0
30-05-2025 00:00,Jersey,2,3,late,422,8.4,4.7,522,28.1,89,23.7,1
31-05-2025 00:00,Holstein,5,4,late,410,17.8,0.9,383,28.3,45,21.3,0
01-06-2025 00:00,Jersey,4,1,early,487,16.8,0.9,311,23.7,52,14.6,0
02-06-2025 00:00,Jersey,4,4,early,472,10.2,4.1,482,20.7,83,16.1,0
03-06-2025 00:00,Holstein,7,5,mid,358,15.8,1.4,334,23.3,54,10.2,0
04-06-2025 00:00,HF Cross,7,5,mid,458,13,4.3,592,25.2,83,20.4,0
05-06-2025 00:00,HF Cross,3,1,early,395,15.1,0.6,527,33.1,73,20.9,0
06-06-2025 00:00,Sahiwal,4,3,early,485,18.9,1.4,536,27,60,19.7,0
07-06-2025 00:00,Jersey,9,4,late,539,15.2,3.3,313,34.6,76,22.1,0
08-06-2025 00:00,Sahiwal,7,4,early,410,15.1,3.1,383,28.9,45,18,0
09-06-2025 00:00,Jersey,5,2,mid,462,15.9,2,463,34.5,86,9.7,1
10-06-2025 00:00,Jersey,7,2,late,392,12,4.2,556,26.7,47,17.3,0
11-06-2025 00:00,Sahiwal,9,4,late,583,8.4,3.8,503,27.1,88,19.1,0
12-06-2025 00:00,Sahiwal,8,4,mid,550,9.3,1.7,429,21.8,76,23.7,0
13-06-2025 00:00,Holstein,8,3,late,497,10.2,0.9,460,27.6,53,18.8,0
14-06-2025 00:00,Jersey,3,3,mid,598,8.2,2,584,33,70,10.1,0
15-06-2025 00:00,Gir,8,4,late,593,9.7,0.6,533,31,47,24.4,0
16-06-2025 00:00,Jersey,9,5,mid,304,19.6,1.6,492,32.6,65,12.5,0
17-06-2025 00:00,HF Cross,3,1,late,325,18.4,3.1,375,21.7,64,18.8,0
18-06-2025 00:00,Sahiwal,4,5,late,368,14.9,2.1,491,20.7,48,22.3,1
19-06-2025 00:00,HF Cross,6,1,early,544,14.8,3.8,397,26.1,85,23.5,0
20-06-2025 00:00,Sahiwal,3,2,early,578,13.2,4.2,388,24.9,40,12.3,0
21-06-2025 00:00,Jersey,6,3,mid,392,13.4,1.6,590,23.4,65,16.7,0
22-06-2025 00:00,HF Cross,7,2,mid,564,12.6,4.4,416,32.2,64,12.6,0
23-06-2025 00:00,HF Cross,6,4,late,527,15.3,3.9,320,22.9,55,17.9,1
24-06-2025 00:00,Holstein,2,4,late,502,12.6,1.4,440,25.3,73,8.3,0
25-06-2025 00:00,Sahiwal,6,4,early,326,19.2,2.9,435,24.7,75,19.4,0
26-06-2025 00:00,HF Cross,6,4,mid,389,9.5,1.3,407,22.7,52,8.7,0
27-06-2025 00:00,HF Cross,2,2,early,597,19,2.4,562,32.2,83,5.9,0
28-06-2025 00:00,Gir,4,5,mid,417,14.2,3.2,325,23.2,49,8.5,0
29-06-2025 00:00,Sahiwal,3,1,late,453,11.1,1.9,451,32.3,78,18.4,0
30-06-2025 00:00,Gir,5,2,late,541,9.8,1.6,407,32.9,60,6.9,0
01-07-2025 00:00,Sahiwal,8,3,late,459,15.7,1.7,376,28.9,64,24.8,0
02-07-2025 00:00,Sahiwal,6,2,mid,341,13.1,3.7,540,20.2,63,7.6,0
03-07-2025 00:00,Gir,3,2,late,587,11.3,0.9,531,29.7,75,8.8,0
04-07-2025 00:00,Gir,4,1,early,495,13.3,4.2,304,21,71,15.8,1
05-07-2025 00:00,Holstein,3,3,late,599,11.9,2,429,34.9,41,12.3,1
06-07-2025 00:00,Jersey,8,4,mid,563,15,0.9,586,31.3,55,13.2,0
07-07-2025 00:00,Gir,8,4,late,444,11.6,4.9,302,33.9,84,7.4,1
08-07-2025 00:00,HF Cross,7,5,mid,547,14.5,4.3,448,21.4,61,6.8,0
09-07-2025 00:00,HF Cross,2,5,early,571,14.1,1.2,441,21.8,62,10.3,0
10-07-2025 00:00,Jersey,6,2,early,548,14.6,1.9,479,24.2,65,17,0
11-07-2025 00:00,Jersey,4,3,late,442,19.9,4.3,311,34,81,15.8,0
12-07-2025 00:00,Holstein,7,2,early,457,16.7,1.1,306,24.6,48,11.5,0
13-07-2025 00:00,Jersey,4,2,early,505,19.7,3.4,324,28.6,72,23.5,0
14-07-2025 00:00,HF Cross,7,5,mid,324,16,1,324,23.5,84,16,1
15-07-2025 00:00,Jersey,9,4,late,440,19.2,4.4,459,23.2,41,18,0
16-07-2025 00:00,Holstein,4,5,mid,565,10.5,2.7,477,20.9,54,24.7,0
17-07-2025 00:00,HF Cross,4,5,early,455,11.6,1,379,30.4,72,15.2,1
18-07-2025 00:00,HF Cross,2,5,mid,520,15.5,2.9,530,30.9,76,22.7,0
19-07-2025 00:00,Holstein,6,3,early,306,14.3,2.7,528,25.8,44,5.2,0
06-02-2025 00:00,Holstein,8,1,late,426,10.48,1.17,591,24.6,88,9.8,0
11-06-2025 00:00,Sahiwal,9,4,late,589,8.97,3.8,498,26.8,89,19.9,0
17-03-2025 00:00,Jersey,8,4,late,419,17.69,3.42,537,22.4,84,12,0
13-01-2025 00:00,HF Cross,7,3,mid,328,9.82,1.1,469,30.5,63,22.9,1
19-02-2025 00:00,Gir,2,4,early,311,16.25,3.48,539,31.7,86,19.8,0
18-02-2025 00:00,Holstein,3,5,late,483,13.09,0.72,510,20.4,77,24.3,0
11-07-2025 00:00,Jersey,3,3,late,432,19.44,4.55,319,35.5,85,15,0
24-01-2025 00:00,HF Cross,10,1,late,422,8.44,0.92,409,30.5,72,12.3,0
28-01-2025 00:00,Gir,5,4,early,338,17.53,0.4,453,33.6,65,11.3,0
20-02-2025 00:00,Jersey,4,3,early,425,9.5,2.87,441,25.3,43,23.4,0
30-05-2025 00:00,Jersey,1,3,late,431,8.41,4.55,536,29.4,94,25.5,1
19-05-2025 00:00,Sahiwal,6,5,mid,301,8.66,3.79,358,33.7,51,18.6,0
11-04-2025 00:00,Gir,7,3,late,588,11.95,4.17,479,26.8,57,26.1,0
01-05-2025 00:00,Sahiwal,7,3,late,473,20.76,0.31,577,27.8,75,24,0
23-04-2025 00:00,Sahiwal,5,4,mid,531,18.49,4.63,510,31.7,46,8.2,1
18-03-2025 00:00,Gir,8,2,mid,523,19,0.73,578,21.3,82,8.8,0
03-04-2025 00:00,Jersey,5,5,late,592,15.65,0.88,403,25.9,50,12.8,0
09-07-2025 00:00,HF Cross,1,5,early,568,13.74,1.46,421,21.6,66,9.4,0
20-02-2025 00:00,Jersey,3,3,early,424,10.72,3.14,449,24.7,45,22.4,0
29-03-2025 00:00,Gir,4,5,early,591,13.5,4.15,459,23,67,17.1,1
02-03-2025 00:00,Holstein,7,1,early,404,7.72,1.07,313,29.4,42,24.4,1
05-07-2025 00:00,Holstein,2,3,late,596,11.73,1.58,431,36,43,11.3,1
22-03-2025 00:00,Gir,3,5,mid,440,19.71,1.85,555,21.7,88,14.1,0
06-05-2025 00:00,Holstein,6,3,late,402,10.65,1.52,536,35.1,43,20.1,1
31-03-2025 00:00,Sahiwal,4,5,late,435,8.98,1.9,482,30.6,72,16.2,0
11-06-2025 00:00,Sahiwal,8,4,late,573,9.38,4.02,494,25.6,91,19.4,1
30-03-2025 00:00,Holstein,2,4,late,380,16.72,3.1,405,33.2,72,12.5,0
26-05-2025 00:00,Jersey,5,1,early,371,12.98,3.95,404,32.2,52,20,0
02-02-2025 00:00,HF Cross,3,4,mid,437,13.17,0.82,520,31.2,65,9.6,1
19-02-2025 00:00,Gir,4,4,early,303,17.12,3.18,535,32.2,87,19.4,0
16-01-2025 00:00,Sahiwal,7,1,early,533,11.92,4.4,475,29.1,85,12,0
03-02-2025 00:00,Gir,8,2,late,355,7.56,0.35,575,25.4,80,15.1,1
05-06-2025 00:00,HF Cross,4,1,early,387,15.22,0.35,507,32.2,78,20.8,1
07-03-2025 00:00,Jersey,8,3,early,548,14.13,3.96,323,28.3,57,22.7,0
09-06-2025 00:00,Jersey,6,2,mid,455,14.9,2.14,467,35.4,82,11.4,1
15-05-2025 00:00,Jersey,2,5,late,308,8.79,1.51,354,24.2,75,15.6,0
02-06-2025 00:00,Jersey,3,4,early,465,9.68,4.44,500,20.8,87,14.2,0
22-04-2025 00:00,Gir,2,3,mid,588,16.29,5.17,353,29.5,56,17.9,0
14-07-2025 00:00,HF Cross,6,5,mid,320,15.07,1.35,331,22.8,84,17.3,0
06-03-2025 00:00,Gir,5,5,late,373,18.13,4.38,477,21.3,81,18.1,0
12-07-2025 00:00,Holstein,6,2,early,448,16.67,1.47,321,23.1,50,11.2,1
05-05-2025 00:00,HF Cross,7,3,early,360,15.66,0.94,342,22.4,44,23.2,0
27-03-2025 00:00,Jersey,8,3,late,425,10.72,4.35,431,27.3,51,24.7,0
27-02-2025 00:00,HF Cross,6,3,mid,435,10.62,2.64,527,24.4,47,22.8,0
23-02-2025 00:00,Holstein,2,3,early,494,13.39,2.94,433,33.9,82,26.1,0
24-01-2025 00:00,HF Cross,8,1,late,411,8.04,0.94,400,30.3,76,12,0
11-01-2025 00:00,Sahiwal,3,5,early,426,16.56,3.28,538,22.9,67,15.5,0
20-04-2025 00:00,Sahiwal,6,3,mid,474,10.36,3,475,33.5,60,13.6,0
10-07-2025 00:00,Jersey,5,2,early,551,15.25,1.81,472,24.1,66,18.5,0
11-03-2025 00:00,Gir,2,5,late,316,9.67,1.3,540,26.3,80,13.1,0
17-06-2025 00:00,HF Cross,3,1,late,319,18.38,3.21,369,22.4,66,18.9,0
19-07-2025 00:00,Holstein,5,3,early,308,15.07,2.96,545,24.6,48,3.9,0
03-02-2025 00:00,Gir,8,2,late,349,8.06,1.09,589,25,72,16.1,0
02-07-2025 00:00,Sahiwal,5,2,mid,332,13.52,3.81,554,21.4,60,6,0
29-03-2025 00:00,Gir,4,5,early,593,14.07,4.01,437,22.6,69,19.7,0
28-06-2025 00:00,Gir,3,5,mid,412,13.72,3.36,316,24.2,51,9.4,1
26-05-2025 00:00,Jersey,5,1,early,363,13.76,3.67,410,30.4,45,19.4,0
06-02-2025 00:00,Holstein,8,1,late,431,9.91,0.95,583,23.9,83,10.6,0
13-06-2025 00:00,Holstein,7,3,late,500,9.59,1.2,463,26.2,50,20.2,1
17-05-2025 00:00,Jersey,7,5,late,582,19.86,3.95,553,35.1,53,19.6,0
27-03-2025 00:00,Jersey,6,3,late,432,11.7,3.98,451,27.9,60,23.7,1
03-04-2025 00:00,Jersey,6,5,late,585,17.19,0.75,387,26.1,50,12,0
17-06-2025 00:00,HF Cross,3,1,late,326,18.45,2.78,392,21.7,59,19.8,0
26-03-2025 00:00,Jersey,5,5,mid,386,14.34,2.44,544,28.6,55,22.4,0
08-04-2025 00:00,Gir,2,1,early,383,13.73,2.61,360,36.4,89,10.6,1
30-03-2025 00:00,Holstein,1,4,late,382,17.17,2.55,398,33.1,74,13.5,0
12-06-2025 00:00,Sahiwal,8,4,mid,548,9.49,1.58,447,22.2,77,23.5,0
23-05-2025 00:00,Jersey,8,1,mid,580,16,3.43,498,27.6,83,7.8,0
30-05-2025 00:00,Jersey,3,3,late,431,9.16,4.37,504,27.9,85,22.2,1
05-07-2025 00:00,Holstein,3,3,late,601,11.48,1.69,412,34.3,41,11.9,0
27-06-2025 00:00,HF Cross,3,2,early,590,18.27,2.31,549,33.7,87,6.7,0
25-05-2025 00:00,Sahiwal,6,1,late,529,10.39,3.27,512,29.3,39,20.6,0
07-07-2025 00:00,Gir,9,4,late,442,11.25,4.85,296,34.8,85,9,0
31-05-2025 00:00,Holstein,4,4,late,407,17.98,1.01,378,28.8,41,23,0
02-05-2025 00:00,HF Cross,6,4,early,325,16.61,1.87,545,27.3,51,22.6,0
05-04-2025 00:00,HF Cross,3,3,early,457,11.79,3.7,513,31.8,62,13.2,0
23-06-2025 00:00,HF Cross,6,4,late,531,14.58,3.54,328,21.4,58,16.3,0
05-04-2025 00:00,HF Cross,2,3,early,456,11.67,3.87,517,32.6,66,12.1,1
29-04-2025 00:00,Jersey,2,3,late,403,8.18,3.02,387,21,74,21.4,0
01-07-2025 00:00,Sahiwal,9,3,late,459,15.4,2.04,384,30.1,65,25.4,0
04-01-2025 00:00,Gir,5,1,late,432,18.74,3.14,453,21.3,61,24,0
04-01-2025 00:00,Gir,6,1,late,435,19.18,3.71,462,19.6,63,26,0
11-05-2025 00:00,HF Cross,8,5,mid,591,9.35,4.25,337,34.6,70,23.8,1
07-05-2025 00:00,Sahiwal,8,1,late,304,19.33,5.5,365,24.8,69,19.1,0
05-04-2025 00:00,HF Cross,3,3,early,451,12.99,4.13,483,33.2,66,10.3,0
06-02-2025 00:00,Holstein,9,1,late,420,10.29,0.76,594,22.6,92,9,0
15-03-2025 00:00,Gir,4,4,early,580,13.11,3.25,324,21.2,73,9.1,0
04-03-2025 00:00,Holstein,6,4,early,583,9.37,1.63,342,29.5,70,12.7,0
08-04-2025 00:00,Gir,3,1,early,381,12.5,3.24,353,35.3,91,9.3,0
06-04-2025 00:00,Sahiwal,2,2,mid,382,19.98,2.69,322,29.2,82,22.8,0
04-04-2025 00:00,Holstein,8,1,mid,505,19.15,0.93,413,35.6,81,8.8,0
25-02-2025 00:00,HF Cross,3,1,late,317,11,4.55,353,29.6,60,18.1,0
14-01-2025 00:00,HF Cross,2,5,early,435,13.34,1.54,569,32.8,64,12.4,0
12-04-2025 00:00,Sahiwal,9,5,early,308,9.05,1.66,572,21.1,84,17.7,0
31-05-2025 00:00,Holstein,6,4,late,419,17.09,1.16,396,27.5,44,23,0
10-06-2025 00:00,Jersey,7,2,late,382,12.11,4.38,562,26.7,48,16.3,0
05-05-2025 00:00,HF Cross,6,3,early,362,15.05,1.78,365,22,51,24.7,0
05-07-2025 00:00,Holstein,3,3,late,607,12.09,2.46,418,33.8,38,13.1,0
07-05-2025 00:00,Sahiwal,8,1,late,315,19.12,4.62,343,24.3,73,21.6,0
26-05-2025 00:00,Jersey,5,1,early,378,14.1,3.6,413,29.5,46,20.5,0
13-05-2025 00:00,Jersey,5,1,mid,575,18.96,3.19,482,21.8,65,21.5,1
18-06-2025 00:00,Sahiwal,3,5,late,371,14.3,2.36,500,19.3,47,22,1
09-02-2025 00:00,Holstein,10,5,late,347,11.32,3.02,338,20.7,46,23.5,1
14-07-2025 00:00,HF Cross,7,5,mid,316,15.13,1.19,305,22.2,89,14.8,0
18-02-2025 00:00,Holstein,1,5,late,480,14.56,0.38,519,21.4,74,22.5,0
06-03-2025 00:00,Gir,5,5,late,361,17.08,4.3,510,19.5,78,16.5,0
19-03-2025 00:00,Sahiwal,7,1,early,539,8.13,0.22,513,34.1,68,23,1
22-04-2025 00:00,Gir,1,3,mid,602,15.63,4.62,351,31.4,66,20.7,0
08-01-2025 00:00,Holstein,1,5,early,311,10.55,0.92,327,31.8,87,10.4,0
21-03-2025 00:00,Sahiwal,7,4,late,438,9.93,2.18,578,23.1,60,10.9,0
23-04-2025 00:00,Sahiwal,4,4,mid,531,17.13,4.67,515,31.7,45,6.2,0
02-02-2025 00:00,HF Cross,3,4,mid,443,11.69,0.88,507,30.1,64,9.1,0
28-04-2025 00:00,Jersey,7,5,mid,296,11.63,4.72,506,32.4,69,23.5,0
17-04-2025 00:00,HF Cross,9,1,late,419,14.48,4,539,26.9,44,8.3,0
19-05-2025 00:00,Sahiwal,6,5,mid,304,9.37,4.63,384,32.8,46,19.1,1
13-02-2025 00:00,HF Cross,8,5,late,394,11.8,2.05,480,28.9,89,18.3,1
27-05-2025 00:00,Gir,6,1,late,559,13.17,1.29,355,35.5,66,4.6,0
07-02-2025 00:00,Jersey,2,5,mid,491,15.63,3.4,562,20.4,65,10.6,0
07-02-2025 00:00,Jersey,2,5,mid,499,14.03,3.5,536,20.3,69,12.5,1
27-02-2025 00:00,HF Cross,6,3,mid,438,10.48,2.43,517,22.7,50,24.4,0
28-05-2025 00:00,Holstein,5,4,mid,450,14.39,1,300,27.2,78,12.7,1
17-07-2025 00:00,HF Cross,5,5,early,464,11.08,0.9,377,30.3,69,13.8,0
15-05-2025 00:00,Jersey,4,5,late,320,8.75,1.33,340,25.7,77,18.3,0
20-06-2025 00:00,Sahiwal,3,2,early,576,12.41,4.23,389,25.5,40,11.3,0
10-04-2025 00:00,Jersey,9,2,early,498,15.05,3.05,512,27.7,46,7.9,0
05-02-2025 00:00,Jersey,4,2,mid,463,7.68,2.59,579,25.6,64,4.4,0
18-05-2025 00:00,Holstein,8,1,late,324,15.3,1.17,578,35.7,68,13.1,0
31-05-2025 00:00,Holstein,4,4,late,419,18.67,0.44,369,28.2,42,22.6,1
02-06-2025 00:00,Jersey,3,4,early,462,9.85,3.75,499,20.4,80,14.2,0
28-01-2025 00:00,Gir,3,4,early,340,17,0.77,483,34.3,73,11.9,0
16-03-2025 00:00,HF Cross,2,2,early,425,10.17,4.72,499,27.7,50,19.3,1
13-07-2025 00:00,Jersey,4,2,early,514,19.71,3.12,337,28.6,73,24.5,1
23-04-2025 00:00,Sahiwal,4,4,mid,517,19.08,4.61,493,32,48,7.2,0
03-03-2025 00:00,Sahiwal,7,5,late,353,19,4.67,437,22.2,51,6,0
17-03-2025 00:00,Jersey,8,4,late,418,16.94,3.1,522,20.9,82,11.9,0
09-01-2025 00:00,HF Cross,5,1,late,452,17.39,3.5,527,29.7,72,22.7,0
24-04-2025 00:00,Jersey,3,5,late,404,13.84,1.59,410,20,79,18.1,1
04-05-2025 00:00,Gir,2,1,early,366,8.62,2.02,423,34.3,77,20.8,0
18-01-2025 00:00,Holstein,6,5,mid,522,19.56,1.81,434,29,67,26.4,1
12-01-2025 00:00,Jersey,3,4,mid,471,8.43,3.09,368,29.3,42,23.2,0
29-01-2025 00:00,Holstein,4,1,early,332,18.19,2.09,490,27.3,69,6.6,0
29-04-2025 00:00,Jersey,3,3,late,396,8.73,3.43,398,20.8,77,24.2,1
19-03-2025 00:00,Sahiwal,7,1,early,542,8.25,0.93,511,35,67,21.5,0
14-01-2025 00:00,HF Cross,3,5,early,428,13.33,1.01,591,33.6,66,13.3,0
08-04-2025 00:00,Gir,1,1,early,389,12.62,3.46,370,35.1,93,12.7,0
03-03-2025 00:00,Sahiwal,6,5,late,353,19.56,4.31,453,22.9,46,9.5,0
28-04-2025 00:00,Jersey,7,5,mid,315,12.47,4.38,510,30.9,72,21.5,0
31-03-2025 00:00,Sahiwal,5,5,late,443,10.06,1.41,467,30.8,67,17,0
10-06-2025 00:00,Jersey,6,2,late,400,12.48,4.32,546,27.6,52,18.1,0
17-07-2025 00:00,HF Cross,3,5,early,445,11.54,0.73,398,29.2,67,15.2,1
24-03-2025 00:00,Gir,8,3,early,398,8.92,4.32,549,25.6,50,22.8,1
24-01-2025 00:00,HF Cross,9,1,late,422,9.77,1.06,385,29,77,12.9,0
11-02-2025 00:00,Gir,10,3,late,448,15.36,2.69,312,27.2,82,25.7,0
13-05-2025 00:00,Jersey,4,1,mid,574,18.97,3.7,479,22.1,71,21.8,0
24-02-2025 00:00,Jersey,9,5,mid,387,13.58,5.48,546,22.6,60,23.4,0
11-06-2025 00:00,Sahiwal,10,4,late,577,8.68,4.22,519,28.3,91,20.4,0
27-01-2025 00:00,Gir,10,3,late,331,18.49,2.69,576,30.6,72,7.7,0
03-02-2025 00:00,Gir,6,2,late,356,7.46,0.26,570,24,72,17.3,0
25-06-2025 00:00,Sahiwal,7,4,early,324,19.8,3.31,418,24.7,71,20.2,0
30-04-2025 00:00,HF Cross,4,4,late,332,12.62,2.46,491,27.6,80,17.6,0
24-05-2025 00:00,Holstein,9,3,early,471,14.08,0.16,467,35,44,10,0
27-02-2025 00:00,HF Cross,5,3,mid,435,11.35,2.54,532,25,54,24.2,0
09-02-2025 00:00,Holstein,9,5,late,345,12.06,2.34,308,20.9,43,22.1,0
06-05-2025 00:00,Holstein,6,3,late,396,10.07,1.47,524,35.5,49,22.1,0
26-01-2025 00:00,Holstein,5,3,mid,433,13.88,1.23,320,24.5,78,23.6,0
05-04-2025 00:00,HF Cross,1,3,early,457,12.98,3.53,503,32.9,66,11.7,0
18-01-2025 00:00,Holstein,5,5,mid,528,19.82,1.63,423,27,60,23.7,0
22-05-2025 00:00,Sahiwal,3,4,late,565,16.15,2.62,556,23.6,82,9.8,0
13-02-2025 00:00,HF Cross,10,5,late,392,12.57,1.94,489,29.2,94,18.7,0
07-01-2025 00:00,Gir,7,4,early,485,12.29,2.19,361,30.3,62,10.8,0
03-04-2025 00:00,Jersey,4,5,late,592,15.95,0.7,387,25,51,14.7,0
10-01-2025 00:00,HF Cross,3,1,early,345,13.16,3.32,611,29.4,80,10.1,0
23-03-2025 00:00,Jersey,4,4,late,316,16.3,1.24,410,20.1,48,16.7,0
24-01-2025 00:00,HF Cross,10,1,late,413,9.73,0.84,395,29.6,75,10.7,0
27-06-2025 00:00,HF Cross,2,2,early,603,19.55,2.67,568,31.4,82,4.4,0
05-06-2025 00:00,HF Cross,3,1,early,387,14.76,0.4,532,32.3,78,19.4,0
11-03-2025 00:00,Gir,3,5,late,315,8.65,1.36,529,26.3,87,11.1,0
21-05-2025 00:00,Holstein,2,4,late,329,10.46,4.13,519,19.2,72,22.4,1
04-05-2025 00:00,Gir,2,1,early,380,9.43,2.35,431,33,74,19.8,0
06-07-2025 00:00,Jersey,9,4,mid,555,15.74,0.85,590,32.8,59,11.9,0
12-03-2025 00:00,Gir,7,3,late,363,8.85,3.19,522,22.2,71,6.7,0
08-01-2025 00:00,Holstein,2,5,early,311,10.97,0.43,312,31.4,80,11.5,0
16-03-2025 00:00,HF Cross,2,2,early,419,9.45,4.32,498,26.6,53,20.8,0
17-03-2025 00:00,Jersey,7,4,late,412,17.17,2.93,554,22.2,80,13.4,0
19-01-2025 00:00,Holstein,5,3,mid,480,10.1,3.76,587,25.8,73,18.1,0
08-03-2025 00:00,Sahiwal,9,1,mid,578,10.25,2.47,316,28.4,44,10.2,0
24-01-2025 00:00,HF Cross,9,1,late,405,8.51,1.22,414,27.8,72,13.1,0
22-05-2025 00:00,Sahiwal,5,4,late,551,17.48,2.34,563,24.1,74,8.9,0
27-05-2025 00:00,Gir,6,1,late,569,14.11,0.51,386,34,67,5.8,0
09-02-2025 00:00,Holstein,10,5,late,340,11.48,2.77,330,21.4,44,23.8,0
13-01-2025 00:00,HF Cross,5,3,mid,333,10.89,1.23,489,31.4,69,23.4,0
15-05-2025 00:00,Jersey,3,5,late,301,8.85,1.92,328,26.1,84,19.3,0
04-06-2025 00:00,HF Cross,7,5,mid,451,13.1,3.85,608,25.1,79,20.6,0
18-02-2025 00:00,Holstein,1,5,late,472,13.36,1.24,535,20.5,69,22.6,0
18-03-2025 00:00,Gir,9,2,mid,521,19.78,0.68,575,21.6,88,7.7,0
24-03-2025 00:00,Gir,9,3,early,396,9.03,4.53,551,25.5,53,23.5,0
11-02-2025 00:00,Gir,8,3,late,456,16.49,3.09,335,26.9,85,22.8,0
07-05-2025 00:00,Sahiwal,7,1,late,301,18.31,4.51,356,24.3,77,18.6,0
19-01-2025 00:00,Holstein,4,3,mid,490,11.42,4.17,595,26.2,73,18.2,1
07-07-2025 00:00,Gir,9,4,late,436,12.43,5.29,304,32.4,79,6.4,0
09-04-2025 00:00,Jersey,7,3,early,517,11.4,2.39,589,33,56,5.8,1
08-05-2025 00:00,Gir,10,3,mid,457,12.6,3.48,382,28.2,49,20.3,0
13-01-2025 00:00,HF Cross,6,3,mid,336,10.41,0.63,505,29.9,65,23.2,0
07-05-2025 00:00,Sahiwal,8,1,late,308,19.71,4.99,342,25.3,79,18.8,0
25-04-2025 00:00,HF Cross,3,4,mid,578,11.6,4.45,300,35.4,87,8.4,0
19-03-2025 00:00,Sahiwal,6,1,early,538,8.5,1.1,532,35,75,22.1,0
20-04-2025 00:00,Sahiwal,8,3,mid,457,10.19,3.47,468,33.8,61,12.3,0
01-03-2025 00:00,Gir,9,1,late,362,13.07,4.54,572,29.4,61,22.8,0
05-01-2025 00:00,Jersey,2,2,late,355,11.24,1.89,572,19.3,51,13.6,0
21-06-2025 00:00,Jersey,7,3,mid,390,13.37,1.17,594,24.8,69,18.3,0
23-06-2025 00:00,HF Cross,5,4,late,536,14.36,3.65,314,21.6,56,19.6,0
17-03-2025 00:00,Jersey,8,4,late,410,16.01,2.62,526,20.5,78,12,1
15-03-2025 00:00,Gir,4,4,early,564,12.88,3.25,306,21.8,80,9.9,0
26-01-2025 00:00,Holstein,5,3,mid,426,15.78,1.37,318,25,76,22.7,1
16-02-2025 00:00,Jersey,9,1,mid,483,8.33,0.77,540,33.5,47,10,0
30-04-2025 00:00,HF Cross,2,4,late,338,11.85,3.13,498,26.4,81,15.9,0
23-03-2025 00:00,Jersey,4,4,late,314,16.79,1.28,388,19.5,46,16,0
15-06-2025 00:00,Gir,7,4,late,593,9.88,0.56,524,30.1,44,23.7,0
30-03-2025 00:00,Holstein,3,4,late,385,15.86,2.91,419,31.5,67,12.9,0
04-02-2025 00:00,Gir,5,4,mid,307,13.07,4.53,328,30.9,74,18.6,0
04-05-2025 00:00,Gir,3,1,early,374,8.8,2.55,429,34.2,79,20.7,0
27-03-2025 00:00,Jersey,6,3,late,429,11.84,3.66,425,29.6,54,21.7,0
31-03-2025 00:00,Sahiwal,6,5,late,427,10.29,1.34,458,31.3,66,17.2,0
29-01-2025 00:00,Holstein,4,1,early,340,18.54,2.45,494,27.3,67,8.3,0
01-02-2025 00:00,Holstein,7,2,early,537,13.96,1.64,305,20.6,51,13.8,0
21-03-2025 00:00,Sahiwal,7,4,late,429,10.07,1.56,588,22.1,59,8.7,0
07-05-2025 00:00,Sahiwal,9,1,late,304,18.88,5.1,370,22.6,76,19,0
09-02-2025 00:00,Holstein,10,5,late,346,12.04,3.09,303,21.8,40,22.2,0
30-01-2025 00:00,HF Cross,8,1,mid,547,13.58,2.54,511,31.8,45,15,1
09-04-2025 00:00,Jersey,7,3,early,502,12.23,2.17,574,31.4,63,5.8,0
28-02-2025 00:00,HF Cross,4,3,mid,560,14.8,4.93,294,33.7,91,17.1,0
18-06-2025 00:00,Sahiwal,5,5,late,368,14.55,2.27,486,22.1,49,20.9,0
03-02-2025 00:00,Gir,8,2,late,366,8.32,0.95,573,24.9,76,13.4,0
15-03-2025 00:00,Gir,4,4,early,567,14.02,3.03,319,21.8,79,10,1
29-01-2025 00:00,Holstein,4,1,early,326,19.46,2.01,481,28.4,74,7.1,0
26-02-2025 00:00,Gir,4,4,early,460,11.28,1.44,478,28.4,87,12,0
01-07-2025 00:00,Sahiwal,7,3,late,463,15.29,1.58,367,28.4,66,24.3,0
15-05-2025 00:00,Jersey,2,5,late,306,8.12,2.2,364,24.8,79,18.3,0
17-04-2025 00:00,HF Cross,8,1,late,412,14.53,4.24,527,26.4,53,7.6,0
10-05-2025 00:00,Sahiwal,4,3,late,526,12.02,2.38,560,32.3,70,14,0
15-04-2025 00:00,HF Cross,4,1,late,498,11.89,1.51,479,29.8,55,21.9,1
23-01-2025 00:00,Gir,3,2,late,548,18,4.43,308,24.3,58,18.5,0
24-05-2025 00:00,Holstein,8,3,early,480,14.54,0.85,488,34.9,46,8.7,0
27-06-2025 00:00,HF Cross,2,2,early,589,18.44,2.75,546,30.9,84,5.3,0
26-02-2025 00:00,Gir,3,4,early,462,12.4,1.19,476,25.7,88,10.9,0
21-03-2025 00:00,Sahiwal,6,4,late,437,10.63,2.48,575,22,55,9.2,0
09-05-2025 00:00,Holstein,10,3,early,431,9.64,4.2,524,33.1,44,11.8,0
21-05-2025 00:00,Holstein,3,4,late,327,10,4.49,531,19.1,65,22.1,0
13-03-2025 00:00,Gir,3,2,mid,581,18.57,4.1,571,34.1,88,13,0
08-01-2025 00:00,Holstein,1,5,early,307,9.09,0.92,317,31.5,83,9.9,0
24-02-2025 00:00,Jersey,8,5,mid,374,14.52,5.49,530,23,62,23.3,0
15-03-2025 00:00,Gir,4,4,early,582,13.35,2.86,325,20.1,78,8,1
07-06-2025 00:00,Jersey,9,4,late,536,14.52,2.87,317,33.4,81,21.1,1
19-04-2025 00:00,Holstein,2,1,early,470,15.94,4.17,399,21.5,57,8.5,0
10-03-2025 00:00,HF Cross,8,1,early,486,18.81,2.73,444,22.9,54,21.3,0
07-07-2025 00:00,Gir,7,4,late,438,12.29,4.42,284,35.3,85,7.2,0
13-03-2025 00:00,Gir,2,2,mid,591,18.19,3.94,562,35.9,86,13.9,0
25-06-2025 00:00,Sahiwal,5,4,early,328,19.61,2.53,452,24.6,72,20.6,0
11-07-2025 00:00,Jersey,5,3,late,439,20.28,4.37,328,34.4,83,16.6,0
03-05-2025 00:00,Jersey,3,1,late,373,10.47,0.82,442,25.9,85,9.9,1
20-05-2025 00:00,Holstein,7,2,mid,582,19.11,1.49,343,27.1,72,20.5,0
20-06-2025 00:00,Sahiwal,2,2,early,576,13.71,3.77,374,24.9,35,14.3,0
03-07-2025 00:00,Gir,4,2,late,592,10.48,0.85,526,30.4,78,10.7,0
19-04-2025 00:00,Holstein,4,1,early,460,15.08,3.78,380,23.1,56,6.5,1
10-01-2025 00:00,HF Cross,3,1,early,345,11.8,3.82,599,31.3,84,8.5,1
14-03-2025 00:00,Holstein,2,4,early,386,13.22,4.08,299,21,47,20.4,0
20-02-2025 00:00,Jersey,4,3,early,428,10.49,2.61,448,25.9,39,22.7,0
11-05-2025 00:00,HF Cross,9,5,mid,575,8.34,4.03,339,33.6,63,22.5,1
29-06-2025 00:00,Sahiwal,2,1,late,447,10.79,2.16,451,33.2,77,17.5,1
08-03-2025 00:00,Sahiwal,10,1,mid,581,11.88,2.87,322,28.7,45,12.5,0
21-05-2025 00:00,Holstein,2,4,late,316,8.95,4.1,521,21.6,65,22.6,0
20-01-2025 00:00,Holstein,10,1,early,499,11.04,1.21,552,30.2,76,5.8,0
15-01-2025 00:00,Gir,3,1,mid,581,12.67,4.5,512,24.7,44,14.4,0
07-05-2025 00:00,Sahiwal,7,1,late,304,19.96,5.47,360,23.9,69,19.1,1
17-04-2025 00:00,HF Cross,9,1,late,413,13.73,4.03,546,25.2,51,8.6,1
27-03-2025 00:00,Jersey,7,3,late,420,12.15,4.08,439,28.1,58,24.2,1
06-03-2025 00:00,Gir,7,5,late,364,16.88,4.97,484,20.1,81,17.2,1
27-04-2025 00:00,Jersey,4,1,early,318,9.13,3.37,501,33.7,64,16.8,0
13-01-2025 00:00,HF Cross,7,3,mid,325,9.9,0.36,501,30.1,64,24.7,0
04-05-2025 00:00,Gir,1,1,early,378,8.88,2.38,440,34.6,76,22.7,0
07-04-2025 00:00,Sahiwal,1,4,early,503,7.7,2.08,568,30.2,63,9.6,1
06-06-2025 00:00,Sahiwal,5,3,early,480,18.65,1.37,529,26.2,59,17.9,0
17-06-2025 00:00,HF Cross,3,1,late,330,19.17,3.09,382,20.3,59,18.5,1
25-04-2025 00:00,HF Cross,3,4,mid,572,11.54,4.4,306,33.3,92,9.9,1
14-04-2025 00:00,Jersey,5,2,early,300,15.04,3.66,377,21.5,61,16.5,0
30-01-2025 00:00,HF Cross,9,1,mid,564,13.59,2.21,541,32,44,14.9,0
31-03-2025 00:00,Sahiwal,6,5,late,436,8.89,1.07,469,32.3,73,17,0
21-04-2025 00:00,Jersey,8,2,early,499,9,3.08,599,21.1,54,9.5,0
26-02-2025 00:00,Gir,2,4,early,460,11.34,1.6,469,26.5,92,12.1,1
05-02-2025 00:00,Jersey,4,2,mid,451,9.46,2.06,591,27.6,67,4.8,0
15-05-2025 00:00,Jersey,4,5,late,309,7.55,2.14,360,25.1,78,18.9,1
14-04-2025 00:00,Jersey,5,2,early,298,16.26,3.81,364,20.8,63,15,1
13-01-2025 00:00,HF Cross,6,3,mid,333,11.26,0.85,495,29.5,65,24.6,0
14-04-2025 00:00,Jersey,5,2,early,310,14.64,3.76,375,20.4,53,15.5,0
04-02-2025 00:00,Gir,6,4,mid,298,14.43,4.05,341,32,79,19,0
28-02-2025 00:00,HF Cross,4,3,mid,563,14.06,4.8,291,34.9,87,16.4,0
29-01-2025 00:00,Holstein,6,1,early,332,18.79,2.77,493,28.4,77,8.3,0
16-01-2025 00:00,Sahiwal,7,1,early,529,12.31,4.79,458,26.5,80,14.3,0
04-06-2025 00:00,HF Cross,7,5,mid,450,12.94,3.8,594,25,81,19.5,0
01-01-2025 00:00,Sahiwal,7,4,mid,574,15.98,3.23,395,25.4,58,7,1
21-01-2025 00:00,Jersey,5,4,early,497,10.27,3.62,446,27.4,81,8.4,0
29-05-2025 00:00,Gir,5,2,mid,402,8.85,3.13,461,30.9,54,8.7,0
03-01-2025 00:00,Holstein,6,4,early,345,13.91,2.63,503,26,88,16.9,0
13-02-2025 00:00,HF Cross,8,5,late,387,12.49,1.4,482,29.5,84,17.1,0
18-01-2025 00:00,Holstein,6,5,mid,521,18.87,1.66,443,26.5,70,25.3,0
28-05-2025 00:00,Holstein,5,4,mid,451,14.73,0.19,288,28.8,79,13.3,0
01-07-2025 00:00,Sahiwal,9,3,late,449,16.05,1.91,383,29.9,63,25.8,0
28-01-2025 00:00,Gir,3,4,early,324,17.65,0.57,460,32.6,67,9.5,0
04-02-2025 00:00,Gir,4,4,mid,303,14.39,4.22,342,32,80,18,0
29-06-2025 00:00,Sahiwal,2,1,late,458,12.05,2.31,446,31.9,73,19.7,0
19-07-2025 00:00,Holstein,5,3,early,299,14.45,3.01,514,27,49,4.1,0
10-01-2025 00:00,HF Cross,2,1,early,343,11.44,3.6,589,32.3,74,12.1,1
19-02-2025 00:00,Gir,3,4,early,312,17.17,3.34,536,34,86,19.6,0
05-06-2025 00:00,HF Cross,2,1,early,404,14.69,0.36,518,32.2,74,22,0
25-04-2025 00:00,HF Cross,2,4,mid,569,11.14,4.19,308,34.9,83,9.2,0
14-07-2025 00:00,HF Cross,7,5,mid,325,16.22,0.67,325,22.8,84,16,0
07-01-2025 00:00,Gir,8,4,early,489,12.19,2.38,352,27.5,60,9.9,0
27-03-2025 00:00,Jersey,8,3,late,419,11.47,3.41,457,28.8,57,21.2,0
14-03-2025 00:00,Holstein,2,4,early,371,13.47,3.74,319,23.5,41,19.9,0
15-06-2025 00:00,Gir,8,4,late,591,10.29,0.93,534,32.4,43,25,0
18-04-2025 00:00,Sahiwal,5,2,mid,325,9.15,2.16,377,32.7,60,23.2,0
05-03-2025 00:00,Sahiwal,3,4,early,362,20.46,0.53,549,26.1,92,13,0
06-04-2025 00:00,Sahiwal,1,2,mid,369,18.89,2.23,311,27.6,83,24.8,0
10-01-2025 00:00,HF Cross,3,1,early,342,12.05,3.75,606,31.7,83,9.3,0
05-01-2025 00:00,Jersey,1,2,late,353,10.84,1.4,561,20.6,55,14.6,0
24-02-2025 00:00,Jersey,7,5,mid,369,14.33,5.16,526,23.9,58,25.4,0
03-01-2025 00:00,Holstein,7,4,early,340,15.01,2.74,506,25.1,81,17.3,0
12-01-2025 00:00,Jersey,4,4,mid,480,9.24,3.06,369,29,45,25,0
05-02-2025 00:00,Jersey,6,2,mid,459,7.61,2.25,563,26.1,68,7.2,0
02-07-2025 00:00,Sahiwal,7,2,mid,347,13.91,4.08,538,21.2,58,7.5,0
16-07-2025 00:00,Holstein,3,5,mid,563,11,2.44,480,20.1,57,25,0
22-04-2025 00:00,Gir,3,3,mid,591,14.63,5.29,342,29.7,66,18.6,1
25-01-2025 00:00,Holstein,2,5,early,494,15.5,3.49,480,23,38,10.4,1
04-03-2025 00:00,Holstein,6,4,early,582,8.54,2.02,348,31.3,78,12.7,1
03-05-2025 00:00,Jersey,2,1,late,371,9.99,1.42,458,25.7,85,11.2,0
10-02-2025 00:00,Gir,3,2,mid,441,13.81,4.74,315,29.6,59,19.4,0
11-01-2025 00:00,Sahiwal,4,5,early,425,16.74,2.78,555,24.2,70,13.6,1
11-04-2025 00:00,Gir,9,3,late,589,12.28,4.05,472,26.2,57,24.4,0
06-04-2025 00:00,Sahiwal,3,2,mid,382,18.33,2.57,325,29.4,86,25.1,0
02-06-2025 00:00,Jersey,5,4,early,475,9.69,4.22,477,20.6,78,15.7,0
12-02-2025 00:00,Gir,1,2,late,338,11.11,0.92,407,24.8,87,19.8,0
09-01-2025 00:00,HF Cross,4,1,late,456,16.75,3.62,521,30.3,63,20.3,0
19-03-2025 00:00,Sahiwal,7,1,early,536,9.21,0.9,539,33.3,71,22.5,1
23-03-2025 00:00,Jersey,2,4,late,302,15.53,1.1,416,19.4,50,17.9,0
07-04-2025 00:00,Sahiwal,1,4,early,487,7.99,1.78,591,27.5,61,8.4,0
09-07-2025 00:00,HF Cross,3,5,early,570,13.62,0.72,449,20.3,63,8.4,0
01-07-2025 00:00,Sahiwal,8,3,late,452,15.92,1.9,367,28.8,68,23.6,0
07-07-2025 00:00,Gir,9,4,late,437,11.37,5.17,304,34.1,84,5.8,0
29-03-2025 00:00,Gir,6,5,early,596,15.13,4.59,463,23.1,73,19.2,0
24-03-2025 00:00,Gir,9,3,early,385,8.79,4,540,27,48,24.9,1
07-02-2025 00:00,Jersey,1,5,mid,492,15.08,3.32,549,19.4,69,10.7,0
27-05-2025 00:00,Gir,6,1,late,573,14.01,1.35,355,35.3,75,7,0
09-03-2025 00:00,Holstein,9,3,early,409,9.26,1.17,402,25.2,54,16.8,0
19-03-2025 00:00,Sahiwal,7,1,early,536,9.1,0.1,536,34.9,65,22.6,1
12-05-2025 00:00,HF Cross,9,2,early,346,14.27,1.49,564,27.3,53,17.4,0
19-06-2025 00:00,HF Cross,6,1,early,545,15.28,3.96,410,26,80,23.7,0
30-04-2025 00:00,HF Cross,4,4,late,336,12.08,2.44,492,26.7,87,18.6,1
18-03-2025 00:00,Gir,10,2,mid,523,18.9,0.99,562,21.9,88,6.5,0
06-06-2025 00:00,Sahiwal,5,3,early,492,19.79,1.05,517,28.1,55,17.9,1
12-05-2025 00:00,HF Cross,9,2,early,338,14.56,1.71,576,29.1,60,18.7,0
16-04-2025 00:00,HF Cross,9,1,mid,526,17.95,1.49,588,22.7,69,15.4,1
10-06-2025 00:00,Jersey,8,2,late,394,12.66,3.93,537,27,46,18.7,0
13-05-2025 00:00,Jersey,4,1,mid,566,17.81,3.15,482,21.9,66,20.1,0
26-05-2025 00:00,Jersey,5,1,early,366,13.82,4.01,411,29.7,55,18.9,0
15-07-2025 00:00,Jersey,8,4,late,437,19.77,4.3,452,22.7,45,19.8,0
18-02-2025 00:00,Holstein,1,5,late,487,13.99,0.44,502,22.1,70,22.7,0
13-03-2025 00:00,Gir,2,2,mid,583,17.58,3.52,561,34.4,82,10.6,0
01-02-2025 00:00,Holstein,6,2,early,544,12.4,1.78,323,22.3,45,13.2,0
01-05-2025 00:00,Sahiwal,7,3,late,471,19.52,0.78,586,28.1,75,22.4,0
13-07-2025 00:00,Jersey,4,2,early,502,20.22,3.32,336,28.6,74,22.4,0
07-06-2025 00:00,Jersey,9,4,late,535,14.52,3.48,328,35.1,71,22.5,1
13-06-2025 00:00,Holstein,7,3,late,489,11.14,0.76,460,28.1,50,16.9,0
12-05-2025 00:00,HF Cross,9,2,early,331,14.4,1.94,548,29,56,19.4,0
05-04-2025 00:00,HF Cross,1,3,early,449,11.72,3.95,494,31.6,66,10.4,0
23-02-2025 00:00,Holstein,3,3,early,489,13.08,2.44,433,33.9,78,26.3,0
31-05-2025 00:00,Holstein,6,4,late,419,17.79,0.77,366,27.9,42,20.2,1
15-06-2025 00:00,Gir,7,4,late,587,10.51,0.13,547,32.5,50,24.1,0
17-05-2025 00:00,Jersey,6,5,late,584,19.16,3.44,530,33.2,60,21.9,0
28-03-2025 00:00,HF Cross,6,5,late,400,11.28,2.71,478,34.1,49,20.4,0
11-02-2025 00:00,Gir,8,3,late,454,16.89,3.29,327,25.9,83,22.9,0
03-02-2025 00:00,Gir,7,2,late,360,9.38,0.91,563,25.3,73,13.8,0
12-04-2025 00:00,Sahiwal,7,5,early,310,8.49,1.04,540,21.4,89,15.7,0
27-02-2025 00:00,HF Cross,4,3,mid,453,11.08,2.86,538,24.6,56,22,1
16-03-2025 00:00,HF Cross,2,2,early,426,9.07,4.54,520,28.1,44,20.3,0
16-07-2025 00:00,Holstein,3,5,mid,558,11.2,3.17,478,21.1,51,24.4,0
04-03-2025 00:00,Holstein,6,4,early,588,7.94,1.54,350,30.8,69,15.3,0
29-01-2025 00:00,Holstein,5,1,early,331,18.86,2.06,475,28.9,71,7.7,0
10-07-2025 00:00,Jersey,7,2,early,547,14.9,2.27,483,23,65,15.2,0
13-05-2025 00:00,Jersey,3,1,mid,564,17.73,3.23,472,20.3,66,18.7,1
01-03-2025 00:00,Gir,10,1,late,355,14.54,5.11,575,28.9,61,24.6,0
13-01-2025 00:00,HF Cross,5,3,mid,326,10.3,0.33,500,29.1,70,22.1,0
10-01-2025 00:00,HF Cross,3,1,early,346,12.61,3.3,581,29.4,84,10.3,0
19-05-2025 00:00,Sahiwal,6,5,mid,297,8.48,4.47,387,31.9,52,18.2,0
05-04-2025 00:00,HF Cross,2,3,early,455,13.18,4.21,510,30.9,69,10.6,0
17-02-2025 00:00,Holstein,10,4,late,442,13.73,2.07,335,29.2,57,21.1,0
03-07-2025 00:00,Gir,4,2,late,584,11.72,0.92,543,30.9,79,10.2,0
03-02-2025 00:00,Gir,6,2,late,356,7.64,0.86,556,25.2,81,16.2,0
14-03-2025 00:00,Holstein,4,4,early,380,13.09,4.12,304,22.2,46,20.2,0
06-02-2025 00:00,Holstein,9,1,late,433,10.16,0.94,569,24.2,90,10.1,0
12-04-2025 00:00,Sahiwal,9,5,early,301,8.19,1.96,549,19.4,85,16.3,0
04-06-2025 00:00,HF Cross,6,5,mid,463,13.24,4.79,596,24.4,82,20.4,0
21-01-2025 00:00,Jersey,5,4,early,493,10.56,3.66,424,29.1,83,6.1,0
27-03-2025 00:00,Jersey,8,3,late,423,11.71,3.96,446,28.7,59,24.5,0
15-02-2025 00:00,Jersey,8,5,late,575,12.64,3.88,505,24.2,69,21.1,0
17-02-2025 00:00,Holstein,9,4,late,442,13.88,2.12,337,28.4,56,18.7,1
29-05-2025 00:00,Gir,4,2,mid,392,9.52,2.82,487,28.9,51,10.6,0
08-02-2025 00:00,Gir,2,5,late,522,8.73,1.05,529,36,48,13.9,0
05-02-2025 00:00,Jersey,4,2,mid,457,9.32,1.97,559,27.9,69,5.7,0
25-06-2025 00:00,Sahiwal,7,4,early,318,18.41,2.97,443,23.2,80,21.1,0
08-03-2025 00:00,Sahiwal,8,1,mid,574,11.46,2.59,331,29.1,40,9.7,0
12-02-2025 00:00,Gir,3,2,late,347,10.28,0.96,374,26.1,90,19.5,1
19-03-2025 00:00,Sahiwal,8,1,early,555,8.87,0.86,532,34.7,66,23.5,0
15-04-2025 00:00,HF Cross,4,1,late,501,11.8,2.04,477,29.8,55,20.6,1
05-02-2025 00:00,Jersey,6,2,mid,451,9.28,2.55,589,27.7,61,5.2,0
15-04-2025 00:00,HF Cross,4,1,late,489,12.34,1.38,487,29.2,54,23.4,0
22-06-2025 00:00,HF Cross,6,2,mid,556,12.56,4.84,415,33.2,65,14.1,1
19-01-2025 00:00,Holstein,5,3,mid,489,11.63,4.1,587,26.2,77,16.7,0
03-04-2025 00:00,Jersey,6,5,late,587,16.61,1.62,388,26.5,47,12.4,0
27-03-2025 00:00,Jersey,6,3,late,433,11.88,4.26,451,27.3,55,24.9,0
01-02-2025 00:00,Holstein,5,2,early,538,13.18,2.03,326,21.3,51,14.9,0
04-05-2025 00:00,Gir,1,1,early,372,8.33,2.65,451,33.3,76,20.6,0
23-03-2025 00:00,Jersey,4,4,late,306,15.44,1,416,20.6,45,16.1,0
13-01-2025 00:00,HF Cross,7,3,mid,327,10.03,0.95,470,29.8,70,24.1,1
13-06-2025 00:00,Holstein,9,3,late,494,11.11,0.62,442,26.4,58,19.5,1
25-02-2025 00:00,HF Cross,1,1,late,309,11.46,5.08,339,29.3,58,21.1,0
13-06-2025 00:00,Holstein,8,3,late,500,10.93,0.45,443,27.7,54,20.2,0
18-04-2025 00:00,Sahiwal,6,2,mid,326,10.03,1.96,383,32.7,56,20.8,0
20-04-2025 00:00,Sahiwal,6,3,mid,468,10.48,3.05,491,32.6,57,12.6,1
06-02-2025 00:00,Holstein,9,1,late,437,10.76,1.4,579,22.8,92,7,1
18-04-2025 00:00,Sahiwal,6,2,mid,326,10.38,2.18,361,31.9,61,21.2,0
05-01-2025 00:00,Jersey,3,2,late,347,10.76,1.64,566,19.9,52,13.9,0
11-07-2025 00:00,Jersey,5,3,late,443,19.2,4.7,292,34.9,83,16.9,0
30-01-2025 00:00,HF Cross,10,1,mid,551,13.26,2.22,527,33.5,43,15.8,0
01-07-2025 00:00,Sahiwal,7,3,late,459,14.79,1.41,387,28.4,63,24.9,0
05-07-2025 00:00,Holstein,3,3,late,608,12.82,2.39,422,35.6,38,11.6,0
02-02-2025 00:00,HF Cross,3,4,mid,436,11.52,0.51,533,28.8,68,7.4,0
23-05-2025 00:00,Jersey,8,1,mid,571,16.22,3.27,499,27.6,89,9.2,0
20-02-2025 00:00,Jersey,3,3,early,418,9.45,3.28,441,24.4,45,23,1
18-07-2025 00:00,HF Cross,1,5,mid,511,14.86,2.6,545,29.5,75,22.8,1
23-02-2025 00:00,Holstein,2,3,early,482,12.07,2.76,416,33.3,84,24.8,0
05-06-2025 00:00,HF Cross,4,1,early,394,15.15,1.01,540,32.7,73,21.8,0
17-04-2025 00:00,HF Cross,10,1,late,418,14.48,3.64,551,27.5,47,8.3,1
13-02-2025 00:00,HF Cross,9,5,late,388,11.94,1.99,514,31.2,88,17.6,0
10-03-2025 00:00,HF Cross,8,1,early,495,18.48,3.07,474,22.3,63,21.8,0
16-06-2025 00:00,Jersey,10,5,mid,300,19.55,1.61,504,31.6,68,12.7,1
30-04-2025 00:00,HF Cross,2,4,late,331,11.88,2.61,497,29.2,80,16.4,0
11-04-2025 00:00,Gir,8,3,late,592,12.02,4.68,470,27.1,65,23.2,0
06-04-2025 00:00,Sahiwal,1,2,mid,366,18.72,2.17,306,29.9,82,23.2,0
07-02-2025 00:00,Jersey,3,5,mid,487,13.94,2.96,530,21,70,11.9,0
21-02-2025 00:00,Jersey,9,1,mid,421,12.17,3.62,589,32.9,74,14.6,0
01-03-2025 00:00,Gir,9,1,late,357,12.9,4.71,559,29.2,62,23.7,0
08-07-2025 00:00,HF Cross,6,5,mid,556,15.05,4.24,451,21.5,61,8.8,0
10-01-2025 00:00,HF Cross,3,1,early,349,12.34,3.44,609,31.7,81,11.5,0
25-01-2025 00:00,Holstein,1,5,early,502,16.22,3.55,454,23,45,8.2,0
22-04-2025 00:00,Gir,3,3,mid,601,15.6,4.48,353,28.5,57,18,1
26-05-2025 00:00,Jersey,5,1,early,364,13.06,3.64,400,32,52,17.2,0
01-06-2025 00:00,Jersey,5,1,early,479,17.05,0.44,307,24.5,51,15.2,0
18-05-2025 00:00,Holstein,7,1,late,312,16.1,0.89,583,35.2,73,15,0
22-05-2025 00:00,Sahiwal,5,4,late,567,16.31,2.7,558,24.5,78,9.8,0
25-06-2025 00:00,Sahiwal,7,4,early,319,18.28,2.48,449,24.9,74,20.7,0
11-03-2025 00:00,Gir,3,5,late,321,8.2,0.61,516,26.4,87,12.5,1
19-07-2025 00:00,Holstein,5,3,early,314,13.5,2.86,525,27,46,6.3,1
01-05-2025 00:00,Sahiwal,8,3,late,463,19.63,0.8,551,29.2,68,23.6,0
11-05-2025 00:00,HF Cross,8,5,mid,576,9.58,4.46,321,34.1,65,22.9,0
11-05-2025 00:00,HF Cross,10,5,mid,587,9.25,4.77,328,32.5,67,24.3,0
06-04-2025 00:00,Sahiwal,2,2,mid,370,18.21,2.68,308,29.8,81,25.1,0
08-01-2025 00:00,Holstein,2,5,early,323,10.76,0.3,318,30.7,84,12.7,1
31-03-2025 00:00,Sahiwal,6,5,late,425,9.62,1.97,466,31.7,70,17.6,0
16-01-2025 00:00,Sahiwal,7,1,early,526,11.74,5.05,466,28.3,78,12.2,0
16-03-2025 00:00,HF Cross,1,2,early,426,10.23,4.85,514,26.3,50,20.3,0
28-06-2025 00:00,Gir,3,5,mid,415,13.68,3.51,338,23.4,44,9.1,1
03-01-2025 00:00,Holstein,6,4,early,343,13.58,2.45,473,26.8,86,15.8,0
16-05-2025 00:00,Gir,5,5,late,467,9.91,1.42,383,26,76,11.1,1
21-06-2025 00:00,Jersey,6,3,mid,397,13.94,1.23,606,24.3,68,17.2,0
20-05-2025 00:00,Holstein,7,2,mid,580,19.79,0.93,335,28.6,69,20.1,0
17-04-2025 00:00,HF Cross,8,1,late,418,14.3,4.24,534,24.7,52,6.7,0
10-07-2025 00:00,Jersey,5,2,early,539,14.23,2.21,468,24.3,64,15.4,0
05-07-2025 00:00,Holstein,4,3,late,605,11.53,1.89,425,34.8,40,12.3,0
16-05-2025 00:00,Gir,5,5,late,469,9.96,2.1,392,27.9,72,13.3,0
20-04-2025 00:00,Sahiwal,8,3,mid,470,11.6,3.67,459,33.6,55,13,0
02-04-2025 00:00,Holstein,4,2,mid,449,9.55,1.28,409,32.3,79,25.2,1
05-04-2025 00:00,HF Cross,3,3,early,443,12.11,3.34,496,33,61,11.9,0
23-05-2025 00:00,Jersey,10,1,mid,585,17.36,3.17,497,27.2,80,10.4,0
13-05-2025 00:00,Jersey,5,1,mid,572,18.4,3.67,456,22.7,71,19.4,0
14-01-2025 00:00,HF Cross,1,5,early,424,12.8,1.27,582,34.3,64,11.8,0
18-01-2025 00:00,Holstein,4,5,mid,518,17.98,1.92,412,29.5,66,23.6,0
30-01-2025 00:00,HF Cross,8,1,mid,548,14.33,2.12,513,32.8,43,16.9,0
15-06-2025 00:00,Gir,9,4,late,595,10.51,1.07,515,30.3,45,26.2,0
25-01-2025 00:00,Holstein,2,5,early,491,17.06,3.73,448,23.1,43,9.3,0
13-07-2025 00:00,Jersey,4,2,early,512,19.3,3.83,343,28.2,73,25,1
19-04-2025 00:00,Holstein,4,1,early,458,16.08,3.71,387,20.9,65,7.7,0
01-05-2025 00:00,Sahiwal,8,3,late,464,19.29,0.44,587,26.5,69,24.9,0
02-02-2025 00:00,HF Cross,1,4,mid,434,12.58,1.15,498,30.9,62,7.3,0
09-06-2025 00:00,Jersey,4,2,mid,452,16.37,2.22,476,33.1,82,11,0
05-01-2025 00:00,Jersey,3,2,late,346,9.9,1.57,556,19.3,51,13.1,1
23-06-2025 00:00,HF Cross,6,4,late,526,15.64,4.29,304,22.3,54,19.3,0
25-06-2025 00:00,Sahiwal,7,4,early,325,19.05,3.2,447,25.8,78,18,0
24-02-2025 00:00,Jersey,9,5,mid,375,15.26,5.12,535,23.7,62,23.5,0
21-04-2025 00:00,Jersey,8,2,early,488,9.06,3.59,577,21.6,48,10.1,0
11-05-2025 00:00,HF Cross,8,5,mid,591,8.63,4.39,330,34.2,66,23.7,0
29-04-2025 00:00,Jersey,4,3,late,398,9.07,3.1,425,20.6,76,23.2,0
01-06-2025 00:00,Jersey,4,1,early,478,17.1,0.52,330,23.5,48,12.6,1
09-02-2025 00:00,Holstein,8,5,late,340,12.91,2.77,325,19.7,45,21,0
30-04-2025 00:00,HF Cross,3,4,late,338,11.81,3.04,503,29.3,88,18.5,0
03-06-2025 00:00,Holstein,8,5,mid,352,15.19,1.59,319,24.2,59,9.7,1
22-03-2025 00:00,Gir,4,5,mid,436,18.2,1.87,550,19.8,86,13.4,0
20-02-2025 00:00,Jersey,3,3,early,420,10.71,2.8,452,24.6,45,24.6,0
06-06-2025 00:00,Sahiwal,5,3,early,491,18.39,0.93,528,26.1,59,19.1,0
19-01-2025 00:00,Holstein,4,3,mid,483,11.23,3.5,585,26.4,72,17.1,0
13-05-2025 00:00,Jersey,4,1,mid,570,17.68,3.92,478,21.5,71,18.4,0
31-05-2025 00:00,Holstein,6,4,late,416,17.15,0.84,397,26.8,40,21.3,0
28-03-2025 00:00,HF Cross,7,5,late,395,11.03,2.66,487,34.4,45,20.9,0
30-05-2025 00:00,Jersey,1,3,late,423,8.2,4.86,508,28.1,86,23,0
22-01-2025 00:00,Holstein,3,2,late,451,15.21,3.26,561,29.1,69,23.4,0
07-03-2025 00:00,Jersey,7,3,early,542,14.65,3.52,338,28.1,55,25.6,0
18-05-2025 00:00,Holstein,6,1,late,325,15.96,0.46,549,35.1,63,14.9,0
10-01-2025 00:00,HF Cross,2,1,early,340,12.83,3.12,589,31.5,76,12,1
17-06-2025 00:00,HF Cross,3,1,late,328,17.9,3.4,365,22.8,63,17.4,0
07-04-2025 00:00,Sahiwal,1,4,early,494,8.81,1.44,581,29,60,10.9,0
12-01-2025 00:00,Jersey,4,4,mid,475,9.05,3.01,346,28.7,43,22.9,1
21-02-2025 00:00,Jersey,9,1,mid,425,12.21,3.82,593,30.7,79,11.8,0
26-06-2025 00:00,HF Cross,7,4,mid,387,8.56,1.23,390,22.4,57,7,0
31-05-2025 00:00,Holstein,6,4,late,401,18.52,1.08,396,27.9,40,22.1,0
12-01-2025 00:00,Jersey,4,4,mid,469,9.1,3.01,338,29.1,42,22.9,0
01-05-2025 00:00,Sahiwal,8,3,late,468,19.81,0.52,568,28.8,73,22.2,0
06-01-2025 00:00,Gir,6,2,early,343,15.51,1.56,488,33.5,88,25.4,1
26-01-2025 00:00,Holstein,6,3,mid,421,14.38,0.7,303,24.6,81,24,0
13-06-2025 00:00,Holstein,8,3,late,495,9.61,1.2,446,26.3,51,17.5,0
21-06-2025 00:00,Jersey,7,3,mid,396,14.21,1.4,584,23.2,66,14.9,0
25-04-2025 00:00,HF Cross,3,4,mid,582,11.5,4.35,303,34.4,91,9,0
29-06-2025 00:00,Sahiwal,4,1,late,459,10.25,2.01,469,31.4,82,16.7,1
19-04-2025 00:00,Holstein,4,1,early,471,16.73,4.45,388,21.2,59,9.2,0
11-07-2025 00:00,Jersey,3,3,late,443,20.61,4.37,308,34,82,16.3,0
21-03-2025 00:00,Sahiwal,5,4,late,430,9.35,2.05,558,23.9,61,10.1,0
20-05-2025 00:00,Holstein,6,2,mid,577,18.62,1.48,345,28.4,68,19.1,1
06-06-2025 00:00,Sahiwal,5,3,early,477,18.33,1.83,550,28.3,59,20.7,0
01-07-2025 00:00,Sahiwal,8,3,late,462,16.4,2.16,383,28.4,67,22.9,1
25-04-2025 00:00,HF Cross,2,4,mid,568,11.44,4.3,306,34,90,7.8,0
04-05-2025 00:00,Gir,1,1,early,369,9.4,2.2,426,34.5,80,21.5,1
10-01-2025 00:00,HF Cross,3,1,early,339,12.76,3.63,597,32.4,78,10.6,1
21-05-2025 00:00,Holstein,4,4,late,317,9.21,4.81,549,19.6,73,22.2,1
02-02-2025 00:00,HF Cross,2,4,mid,443,13.11,1.25,532,29.8,65,7,0
01-03-2025 00:00,Gir,9,1,late,358,14.14,5.22,554,29.6,64,23,0
15-07-2025 00:00,Jersey,10,4,late,446,18.93,4.13,467,21.8,37,19.1,0
10-06-2025 00:00,Jersey,6,2,late,395,11.05,4.15,549,25.8,51,18.2,0
13-05-2025 00:00,Jersey,4,1,mid,577,17.99,3.94,477,22.3,70,22.1,1
01-05-2025 00:00,Sahiwal,7,3,late,472,19.81,0.83,549,28.7,75,23.4,0
02-01-2025 00:00,HF Cross,6,3,late,449,8.31,4.15,607,20.6,58,17.6,0
16-01-2025 00:00,Sahiwal,7,1,early,541,12.07,4.64,462,29,82,11.4,0
18-06-2025 00:00,Sahiwal,4,5,late,367,13.99,2.23,502,19.8,53,23.4,0
19-03-2025 00:00,Sahiwal,8,1,early,551,9.32,0.16,509,35,69,22.4,0
06-06-2025 00:00,Sahiwal,4,3,early,494,18.17,1.12,530,27.5,59,18,0
26-05-2025 00:00,Jersey,6,1,early,379,13.91,4.09,376,30.4,45,17.9,0
08-05-2025 00:00,Gir,9,3,mid,460,12.73,3.16,381,29.7,54,21,0
09-07-2025 00:00,HF Cross,3,5,early,567,14.73,1.22,441,21.6,57,9.3,1
17-06-2025 00:00,HF Cross,2,1,late,331,17.87,3.38,357,20.7,69,18.2,0
03-05-2025 00:00,Jersey,2,1,late,354,11.59,0.93,453,24,94,12.5,0
22-01-2025 00:00,Holstein,3,2,late,448,13.76,3.87,565,28.6,70,25.7,0
18-06-2025 00:00,Sahiwal,5,5,late,375,15.42,1.7,487,21.5,46,22.3,0
24-04-2025 00:00,Jersey,3,5,late,404,13.3,1.86,439,22.5,85,20.3,0
08-01-2025 00:00,Holstein,1,5,early,320,10.51,1.01,304,31.4,86,10.4,0
25-01-2025 00:00,Holstein,2,5,early,498,16.69,3.68,472,22.1,41,9.9,0
19-06-2025 00:00,HF Cross,6,1,early,537,15.2,3.84,399,26.9,88,24.8,0
15-03-2025 00:00,Gir,3,4,early,577,12.7,2.63,317,20.1,75,10.2,0
29-06-2025 00:00,Sahiwal,3,1,late,446,11.88,1.55,458,33.5,79,20.1,0
24-01-2025 00:00,HF Cross,10,1,late,414,8.98,1.04,397,29,75,12.7,0
02-01-2025 00:00,HF Cross,5,3,late,448,8.2,3.98,575,19.6,62,15.7,1
02-01-2025 00:00,HF Cross,4,3,late,447,8.63,3.52,577,21.3,57,18.5,1
01-04-2025 00:00,HF Cross,4,3,early,587,11.33,1.13,332,24.7,64,13,1
01-03-2025 00:00,Gir,10,1,late,363,13.59,5.09,550,29.4,59,25,1
18-03-2025 00:00,Gir,9,2,mid,520,19.27,0.69,583,21.7,84,7.2,0
12-06-2025 00:00,Sahiwal,8,4,mid,548,9.15,1.89,414,22.6,78,23.7,0
01-01-2025 00:00,Sahiwal,9,4,mid,561,16.71,3.27,397,27.8,64,6.1,0
06-05-2025 00:00,Holstein,7,3,late,406,10.81,1.93,553,33.5,43,19.6,0
07-02-2025 00:00,Jersey,3,5,mid,491,15.56,3.62,528,22.1,64,11.1,0
28-05-2025 00:00,Holstein,6,4,mid,469,14.36,0.54,313,27.2,75,11.7,0
06-06-2025 00:00,Sahiwal,3,3,early,476,19.39,1.62,544,27.5,59,19.3,0
10-03-2025 00:00,HF Cross,9,1,early,500,18.23,2.41,453,23.9,59,22.2,0
18-06-2025 00:00,Sahiwal,5,5,late,371,15.12,2.21,500,21.6,44,24.2,0
30-06-2025 00:00,Gir,5,2,late,540,9.97,1.33,425,32.2,57,5.9,0
10-05-2025 00:00,Sahiwal,3,3,late,532,13.21,2.51,565,30.3,60,15.4,0
11-06-2025 00:00,Sahiwal,10,4,late,586,8.11,3.32,493,27.7,88,18.1,1
06-05-2025 00:00,Holstein,6,3,late,399,10.74,1.67,533,34.5,45,21.1,0
03-07-2025 00:00,Gir,2,2,late,593,11.7,1.31,531,31.1,73,9.8,1
09-07-2025 00:00,HF Cross,1,5,early,562,13.83,0.73,454,21.7,64,11.8,0
02-01-2025 00:00,HF Cross,4,3,late,453,9.12,4.01,583,19.1,62,19.1,1
20-03-2025 00:00,Holstein,3,4,late,430,20.12,2.79,380,33,53,16.1,0
15-01-2025 00:00,Gir,2,1,mid,575,13.66,3.97,537,23.5,49,17.1,0
23-04-2025 00:00,Sahiwal,6,4,mid,527,18.32,4.13,503,32.2,43,5.7,0
29-05-2025 00:00,Gir,6,2,mid,410,9.24,2.96,456,29.6,50,10.9,1
21-06-2025 00:00,Jersey,5,3,mid,385,13.25,1.18,609,24.7,63,15.9,1
22-01-2025 00:00,Holstein,1,2,late,447,15.13,3.51,581,30.6,70,24.9,0
20-04-2025 00:00,Sahiwal,7,3,mid,459,10.03,3.54,457,32.4,65,14.2,0
14-05-2025 00:00,Jersey,4,5,mid,543,7.95,3.96,448,25.2,67,21.6,0
01-01-2025 00:00,Sahiwal,7,4,mid,561,17.68,3.56,410,25.5,58,4.5,1
11-07-2025 00:00,Jersey,5,3,late,434,19.23,4.4,294,32.9,85,14.9,0
12-05-2025 00:00,HF Cross,8,2,early,345,15.74,1.38,545,28,54,16.2,0
08-05-2025 00:00,Gir,8,3,mid,449,13.86,3.27,371,29.1,48,22.9,1
19-01-2025 00:00,Holstein,5,3,mid,492,11.6,3.6,592,27.2,73,19.7,0
26-03-2025 00:00,Jersey,7,5,mid,386,13.85,1.78,532,28.3,52,23.3,0
30-05-2025 00:00,Jersey,3,3,late,426,7.84,5.2,524,27.9,88,24.4,0
28-05-2025 00:00,Holstein,6,4,mid,458,15.62,0.31,307,28.2,83,12,0
19-03-2025 00:00,Sahiwal,6,1,early,536,9.16,0.84,537,34.3,71,24,0
02-02-2025 00:00,HF Cross,3,4,mid,438,12.15,0.61,518,31.5,59,10,0
10-02-2025 00:00,Gir,4,2,mid,448,13.18,4.81,296,29.4,52,17.8,0
25-06-2025 00:00,Sahiwal,7,4,early,320,18.53,2.47,440,24.1,74,18,0
17-03-2025 00:00,Jersey,7,4,late,417,16.04,2.79,523,23.1,83,12.7,1
24-01-2025 00:00,HF Cross,10,1,late,405,9.9,1.63,406,29.2,71,12.3,0
19-05-2025 00:00,Sahiwal,5,5,mid,312,9.75,4.33,375,32.4,45,17.9,1
06-03-2025 00:00,Gir,5,5,late,358,17.95,4.61,509,19.8,81,17.5,0
22-03-2025 00:00,Gir,2,5,mid,432,18.62,1.91,548,20.4,91,13.8,0
23-03-2025 00:00,Jersey,3,4,late,308,17,0.42,394,21,52,16.4,0
17-07-2025 00:00,HF Cross,4,5,early,452,11.46,1.4,372,31.8,67,15.8,0
11-06-2025 00:00,Sahiwal,9,4,late,578,8.29,3.74,514,26.8,83,21,0
06-06-2025 00:00,Sahiwal,5,3,early,480,19,1.66,521,27.3,57,21.3,0
17-07-2025 00:00,HF Cross,4,5,early,445,12.04,1.16,365,30.1,74,13.4,0
01-01-2025 00:00,Sahiwal,8,4,mid,578,15.87,2.82,416,26.1,60,6.3,0
02-05-2025 00:00,HF Cross,8,4,early,329,16.52,2.58,525,26.5,56,23.4,0
20-06-2025 00:00,Sahiwal,4,2,early,587,12.34,4.42,402,23.7,37,13.7,1
24-06-2025 00:00,Holstein,1,4,late,493,12.56,0.94,433,23.8,71,10.1,0
18-02-2025 00:00,Holstein,1,5,late,488,13.45,0.95,538,19.8,77,24,0
12-07-2025 00:00,Holstein,7,2,early,466,17.09,1.39,300,24,44,12,0
27-06-2025 00:00,HF Cross,2,2,early,600,18.77,2.79,565,31.9,88,6.5,0
11-02-2025 00:00,Gir,8,3,late,441,15.37,3.39,340,25.9,87,25.7,0
12-07-2025 00:00,Holstein,7,2,early,448,16.75,0.66,291,24.7,51,10.3,0
15-03-2025 00:00,Gir,5,4,early,576,12.65,2.46,330,20.4,76,8.8,1
24-05-2025 00:00,Holstein,8,3,early,464,15.19,0.14,490,33.7,43,8.7,0
01-01-2025 00:00,Sahiwal,8,4,mid,561,15.91,3.62,418,27.4,66,6.3,0
14-01-2025 00:00,HF Cross,1,5,early,431,12.93,1.14,574,32.2,69,12.8,0
14-04-2025 00:00,Jersey,5,2,early,299,15.36,3.35,395,21.7,62,18,0
02-05-2025 00:00,HF Cross,6,4,early,320,17.94,2.8,555,26.3,51,22.6,1
27-05-2025 00:00,Gir,7,1,late,557,14.12,1.11,381,35,71,6.2,0
24-02-2025 00:00,Jersey,7,5,mid,384,14.97,5.19,518,22.3,59,26.2,0
08-07-2025 00:00,HF Cross,6,5,mid,543,15.48,4.01,441,21.1,59,8.2,0
16-05-2025 00:00,Gir,6,5,late,461,8.92,2.26,372,27.1,74,11.5,1
06-02-2025 00:00,Holstein,7,1,late,420,9.5,0.76,601,24.4,89,7.7,0
28-01-2025 00:00,Gir,5,4,early,338,17.57,0.45,465,35.5,69,10,0
13-02-2025 00:00,HF Cross,8,5,late,396,11.72,1.78,491,31.7,91,16.5,0
23-05-2025 00:00,Jersey,8,1,mid,578,16.45,2.74,508,27.4,88,9.6,0
16-01-2025 00:00,Sahiwal,7,1,early,537,11.82,4.24,471,28.5,84,13.6,0
07-07-2025 00:00,Gir,7,4,late,438,11.42,4.52,321,33.2,88,8.3,1
13-04-2025 00:00,Gir,4,2,mid,597,10.36,3.7,435,33.5,51,13.7,0
18-06-2025 00:00,Sahiwal,4,5,late,369,14.71,2.4,506,19.6,45,22.3,0
31-01-2025 00:00,Sahiwal,10,2,early,432,15.2,4.45,557,31.5,49,17.5,0
14-04-2025 00:00,Jersey,7,2,early,298,15.32,4.28,378,20.6,62,18.7,0
21-03-2025 00:00,Sahiwal,6,4,late,440,9.57,2.35,586,22.4,59,9.6,0
19-02-2025 00:00,Gir,3,4,early,309,16.6,2.89,535,33.3,84,18.7,0
18-03-2025 00:00,Gir,8,2,mid,527,20.07,0.2,572,22.7,83,8.6,0
06-05-2025 00:00,Holstein,7,3,late,403,9.75,1.09,557,34.6,46,21.6,0
24-03-2025 00:00,Gir,9,3,early,386,8.97,4.72,520,26.4,48,25.7,0
17-04-2025 00:00,HF Cross,10,1,late,418,13.94,3.57,522,27.5,53,8.2,0
23-01-2025 00:00,Gir,2,2,late,545,19.6,4.68,307,24.7,56,19.4,0
11-02-2025 00:00,Gir,10,3,late,457,16.14,2.7,343,26.3,77,24.7,0
13-05-2025 00:00,Jersey,5,1,mid,559,17.46,3.88,462,20.6,68,21.3,0
24-06-2025 00:00,Holstein,3,4,late,505,12.22,1.27,421,26.5,68,9.8,0
04-06-2025 00:00,HF Cross,8,5,mid,459,12.08,3.94,580,24.8,78,20.6,0
31-01-2025 00:00,Sahiwal,9,2,early,428,14.33,4.69,578,31.8,52,20.2,0
28-04-2025 00:00,Jersey,7,5,mid,299,11.35,4.49,517,33.2,68,21.1,1
09-02-2025 00:00,Holstein,8,5,late,339,11.42,2.11,320,20.5,47,24.4,0
30-04-2025 00:00,HF Cross,4,4,late,328,10.89,3.22,526,26.4,81,17.6,0
04-04-2025 00:00,Holstein,10,1,mid,522,19.07,0.7,381,35.2,84,7.5,0
25-01-2025 00:00,Holstein,3,5,early,502,15.64,3.51,485,24,42,9.1,0
07-03-2025 00:00,Jersey,7,3,early,548,13.85,4.14,311,28,60,22,0
29-04-2025 00:00,Jersey,2,3,late,396,8.84,3.67,406,22.1,72,24,0
26-02-2025 00:00,Gir,2,4,early,449,11.25,1.35,443,28.2,86,9.3,0
05-03-2025 00:00,Sahiwal,3,4,early,351,19.1,0.46,556,26.4,88,13.6,0
06-03-2025 00:00,Gir,7,5,late,365,16.88,4.66,486,20,78,15.6,0
18-02-2025 00:00,Holstein,3,5,late,480,13.74,0.83,514,21.5,74,23.3,0
11-04-2025 00:00,Gir,9,3,late,582,11.79,4.18,467,24.7,67,24.9,0
11-01-2025 00:00,Sahiwal,3,5,early,438,16.92,2.89,570,23.2,70,15.2,0
24-01-2025 00:00,HF Cross,10,1,late,406,9.12,0.76,387,28,74,11.8,1
22-05-2025 00:00,Sahiwal,4,4,late,570,17.03,2.15,548,24.5,75,11.5,0
02-03-2025 00:00,Holstein,6,1,early,387,9.24,0.64,295,29.7,43,25.2,0
16-02-2025 00:00,Jersey,9,1,mid,477,8.44,0.5,514,32.7,50,13,0
18-02-2025 00:00,Holstein,2,5,late,482,14.16,0.64,521,20.3,76,21.2,0
17-02-2025 00:00,Holstein,10,4,late,449,13.54,2.25,328,27.3,55,19.8,1
16-01-2025 00:00,Sahiwal,7,1,early,534,11.51,4.53,460,26.4,82,12.6,0
09-01-2025 00:00,HF Cross,3,1,late,463,18.38,2.7,530,29.4,70,24,0
05-01-2025 00:00,Jersey,2,2,late,361,11.72,1.53,576,19,57,11.3,1
02-05-2025 00:00,HF Cross,8,4,early,328,17.65,2.42,556,26.8,55,23.2,0
21-05-2025 00:00,Holstein,2,4,late,329,10.01,3.97,550,21.3,65,23.7,0
05-06-2025 00:00,HF Cross,2,1,early,403,15.57,0.58,543,34.5,76,20.2,0
11-06-2025 00:00,Sahiwal,8,4,late,576,9.06,3.45,501,26.3,84,20.1,0
10-02-2025 00:00,Gir,3,2,mid,442,13.37,4.66,315,28.5,54,19.3,0
10-04-2025 00:00,Jersey,8,2,early,487,15.14,2.44,533,27.6,45,6.9,0
23-01-2025 00:00,Gir,1,2,late,545,18.39,4.53,315,22.7,55,21.3,0
25-02-2025 00:00,HF Cross,3,1,late,315,10.77,4.63,361,27.6,57,19.9,0
17-05-2025 00:00,Jersey,6,5,late,579,18.97,3.91,541,33.7,56,20.1,1
06-03-2025 00:00,Gir,7,5,late,370,17.42,4.67,483,19.3,74,16.5,1
15-07-2025 00:00,Jersey,8,4,late,436,19.52,4.79,448,23.9,37,16.1,1
12-05-2025 00:00,HF Cross,9,2,early,344,14.64,1.93,577,28,50,16.6,0
12-01-2025 00:00,Jersey,2,4,mid,476,8.75,3.42,349,28,47,21.6,0
14-07-2025 00:00,HF Cross,7,5,mid,326,15.6,1.04,308,23.3,89,14.6,0
05-02-2025 00:00,Jersey,4,2,mid,452,8.17,1.82,556,25.6,66,5.3,0
03-06-2025 00:00,Holstein,8,5,mid,363,15.4,1.86,353,24,54,9.5,1
18-03-2025 00:00,Gir,10,2,mid,518,19.15,0.58,569,23.7,85,8.8,0
17-02-2025 00:00,Holstein,8,4,late,446,13.2,2.22,341,27.8,55,22,0
24-03-2025 00:00,Gir,7,3,early,395,8.62,4.34,552,25.5,49,22.6,0
24-02-2025 00:00,Jersey,8,5,mid,372,14.8,5.02,544,23.8,61,25.7,0
17-04-2025 00:00,HF Cross,10,1,late,413,13.35,3.84,522,26.1,52,6.7,0
07-07-2025 00:00,Gir,7,4,late,443,12.29,4.54,315,33,80,6.6,0
18-05-2025 00:00,Holstein,6,1,late,318,15.53,0.92,552,36.1,72,14,1
08-01-2025 00:00,Holstein,1,5,early,314,10.08,0.27,302,30.8,80,11.4,0
28-01-2025 00:00,Gir,4,4,early,334,17.26,0.68,469,32.8,64,9.1,0
20-06-2025 00:00,Sahiwal,4,2,early,569,13.52,3.79,375,23.6,37,11.3,1
18-06-2025 00:00,Sahiwal,4,5,late,364,15.82,2.42,476,20.7,43,20.5,1
02-06-2025 00:00,Jersey,3,4,early,472,9.84,4.58,499,19.3,80,17.9,0
22-05-2025 00:00,Sahiwal,4,4,late,553,16.65,2.12,538,23.7,81,8.8,0
19-04-2025 00:00,Holstein,2,1,early,459,14.88,4.46,403,21.7,58,7,1
30-01-2025 00:00,HF Cross,9,1,mid,555,14.24,2.25,538,31.6,45,15.7,0
16-02-2025 00:00,Jersey,8,1,mid,476,9.81,0.39,544,32.9,49,12.1,1
27-06-2025 00:00,HF Cross,1,2,early,590,18.9,2.27,564,32.5,82,6.3,0
04-01-2025 00:00,Gir,6,1,late,432,18.87,3.9,449,19.1,69,25.7,0
01-07-2025 00:00,Sahiwal,7,3,late,450,15.25,1.84,376,28.8,68,22.9,1
09-03-2025 00:00,Holstein,8,3,early,411,10.49,0.91,376,26.4,58,19.1,1
29-01-2025 00:00,Holstein,4,1,early,339,18.96,2.86,466,28.5,67,8.3,0
17-04-2025 00:00,HF Cross,9,1,late,416,14.76,3.79,524,25.8,46,8.5,0
04-01-2025 00:00,Gir,4,1,late,437,18.12,3.99,465,20.2,69,26.1,1
21-03-2025 00:00,Sahiwal,7,4,late,436,10.44,1.9,561,23.3,57,8.1,1
26-01-2025 00:00,Holstein,6,3,mid,426,14.9,0.46,322,23.9,78,22.7,0
07-01-2025 00:00,Gir,8,4,early,496,11.45,1.79,337,29.4,63,10.8,0
07-04-2025 00:00,Sahiwal,2,4,early,489,8.1,2.18,593,29.8,64,8.6,0
13-06-2025 00:00,Holstein,9,3,late,499,10.56,1.08,440,26.9,54,19.6,0
26-06-2025 00:00,HF Cross,7,4,mid,385,8.73,1.18,412,21.9,52,7.4,0
12-01-2025 00:00,Jersey,3,4,mid,480,7.67,3.23,351,27.1,42,24.4,0
17-02-2025 00:00,Holstein,10,4,late,437,12.43,1.74,319,28.2,61,20.8,1
14-05-2025 00:00,Jersey,4,5,mid,553,8.31,4.6,459,24,72,22,1
16-06-2025 00:00,Jersey,8,5,mid,307,20.25,1.93,494,33.9,65,12.5,0
28-03-2025 00:00,HF Cross,8,5,late,412,10.09,2.94,516,33.1,41,19.1,0
06-04-2025 00:00,Sahiwal,1,2,mid,381,18.81,2.82,298,27.3,88,23.1,1
05-05-2025 00:00,HF Cross,8,3,early,358,16.09,1.17,350,22.2,45,24.4,1
17-04-2025 00:00,HF Cross,8,1,late,420,14.13,3.56,552,27.2,43,9.5,0
03-02-2025 00:00,Gir,8,2,late,359,9.22,0.63,581,26.4,72,14,1
12-07-2025 00:00,Holstein,8,2,early,447,16.1,0.6,323,24.5,47,11.2,0
20-02-2025 00:00,Jersey,2,3,early,411,10.3,2.66,416,24.8,45,21.3,0
04-07-2025 00:00,Gir,3,1,early,490,13.5,4.59,298,19.8,70,17.2,1
19-01-2025 00:00,Holstein,4,3,mid,488,11.61,4.18,564,27.7,71,19.2,0
11-06-2025 00:00,Sahiwal,9,4,late,582,8.27,3.95,491,26.5,84,19.7,0
26-02-2025 00:00,Gir,4,4,early,448,11.6,1.09,443,28.1,93,10.9,0
07-02-2025 00:00,Jersey,1,5,mid,497,15.14,3.33,526,19.7,64,12.6,0
26-02-2025 00:00,Gir,2,4,early,452,11.59,1.72,444,28.4,86,10.6,0
07-01-2025 00:00,Gir,8,4,early,484,12.29,2.18,336,28.4,64,9,0
18-01-2025 00:00,Holstein,5,5,mid,517,19,1.11,411,27.5,64,25,1
22-01-2025 00:00,Holstein,3,2,late,444,14.91,3.55,573,31.2,63,25.7,0
18-03-2025 00:00,Gir,10,2,mid,534,19.63,0.34,589,21.6,82,9.1,0
06-07-2025 00:00,Jersey,7,4,mid,558,14.89,1.05,601,29.9,54,13.4,1
19-01-2025 00:00,Holstein,5,3,mid,478,11.75,3.92,570,25.8,68,16.7,0
19-01-2025 00:00,Holstein,5,3,mid,492,11.02,3.74,592,26,72,18.4,0
19-04-2025 00:00,Holstein,2,1,early,463,16.32,4.55,372,21.2,60,8.3,0
25-01-2025 00:00,Holstein,3,5,early,494,16.93,2.93,448,23.7,46,10.4,0
03-01-2025 00:00,Holstein,5,4,early,349,13.86,1.82,504,24.1,84,16.8,0
28-06-2025 00:00,Gir,3,5,mid,408,13.58,2.88,335,24,46,7.1,0
10-07-2025 00:00,Jersey,5,2,early,540,13.89,2.05,467,24.6,65,16.7,0
13-07-2025 00:00,Jersey,3,2,early,508,19.52,3.49,339,28.5,72,22.6,0
28-03-2025 00:00,HF Cross,6,5,late,406,11.33,2.83,482,35.5,49,20.2,0
05-06-2025 00:00,HF Cross,4,1,early,398,15.28,0.1,529,32.1,73,22,0
07-06-2025 00:00,Jersey,8,4,late,543,16.05,2.99,323,35.7,79,22.6,1
27-06-2025 00:00,HF Cross,2,2,early,589,18.9,2.84,546,30.9,83,6.7,0
24-06-2025 00:00,Holstein,2,4,late,502,12.17,1.08,453,24.4,77,8.3,0
14-04-2025 00:00,Jersey,7,2,early,308,16.08,3.76,395,19.3,59,17.3,0
29-05-2025 00:00,Gir,6,2,mid,401,9.63,3.24,460,29.4,59,9,0
15-01-2025 00:00,Gir,1,1,mid,579,12.47,4.09,546,24.3,42,16.7,0
01-02-2025 00:00,Holstein,7,2,early,553,12.1,1.23,292,20.2,41,16.1,0
16-07-2025 00:00,Holstein,4,5,mid,564,9.79,2.65,493,21.6,56,23.9,0
28-03-2025 00:00,HF Cross,7,5,late,397,11.05,2.86,477,34.6,41,17.7,0
01-07-2025 00:00,Sahiwal,9,3,late,456,16.46,1.2,360,29.8,62,24.8,0
11-01-2025 00:00,Sahiwal,3,5,early,421,18.05,3.05,567,24,67,15.1,0
15-01-2025 00:00,Gir,1,1,mid,577,12.39,4.49,534,24.4,43,14.7,0
30-01-2025 00:00,HF Cross,9,1,mid,548,14.05,2.67,539,32.1,44,16.8,0
16-05-2025 00:00,Gir,5,5,late,467,8.98,2.3,366,25.1,74,11.9,1
17-04-2025 00:00,HF Cross,10,1,late,421,13.8,3.3,521,27.2,47,6.5,0
24-01-2025 00:00,HF Cross,10,1,late,411,8.13,1.01,403,29.5,78,12.1,0
12-04-2025 00:00,Sahiwal,9,5,early,307,7.46,1.18,540,19,87,18.3,1
22-02-2025 00:00,Jersey,8,3,early,478,8.2,2.5,366,31,42,7.5,0
15-03-2025 00:00,Gir,5,4,early,563,12.77,2.85,313,21.8,78,7.3,1
08-07-2025 00:00,HF Cross,8,5,mid,546,14.67,3.81,439,20.7,58,5.3,1
27-04-2025 00:00,Jersey,2,1,early,325,8.07,3.32,510,34.6,61,15,0
03-07-2025 00:00,Gir,2,2,late,593,10.93,1.33,514,29.9,70,9.6,0
10-04-2025 00:00,Jersey,9,2,early,492,15.31,2.72,502,28.4,44,7.2,0
16-04-2025 00:00,HF Cross,9,1,mid,516,17.34,1.09,581,23,65,14.7,0
02-07-2025 00:00,Sahiwal,7,2,mid,346,13.68,3.25,556,19.8,63,9.5,0
16-03-2025 00:00,HF Cross,2,2,early,416,10.08,4.64,506,25.7,48,20.2,0
09-04-2025 00:00,Jersey,8,3,early,509,12.88,2.12,590,33.1,63,7.7,0
04-01-2025 00:00,Gir,6,1,late,431,19.09,3.22,466,19.1,60,24.6,0
11-03-2025 00:00,Gir,3,5,late,311,8.46,1.47,530,24.5,80,10.9,1
08-05-2025 00:00,Gir,9,3,mid,453,13.58,2.89,400,29.1,54,20.3,0
09-07-2025 00:00,HF Cross,1,5,early,574,13.15,1.3,425,20.9,62,9.1,0
21-05-2025 00:00,Holstein,4,4,late,324,10.5,4.34,535,19.2,73,22.9,0
18-04-2025 00:00,Sahiwal,4,2,mid,320,9.76,1.88,387,32.7,62,20.7,0
04-03-2025 00:00,Holstein,7,4,early,596,8.94,1.61,350,28.7,72,15.7,0
06-07-2025 00:00,Jersey,7,4,mid,557,15.9,0.91,588,30.9,59,13.1,0
02-03-2025 00:00,Holstein,7,1,early,388,7.94,0.84,292,31.8,49,26.6,0
19-07-2025 00:00,Holstein,5,3,early,303,13.83,2.54,539,24.6,44,6.1,0
26-06-2025 00:00,HF Cross,5,4,mid,385,9.94,1.42,390,23.1,51,8.1,1
18-07-2025 00:00,HF Cross,1,5,mid,515,14.66,2.85,518,30,78,21.7,1
09-02-2025 00:00,Holstein,9,5,late,332,12.04,2.57,340,21,47,23.4,0
22-01-2025 00:00,Holstein,1,2,late,454,15.47,3.86,564,31.3,66,23.8,0
14-07-2025 00:00,HF Cross,7,5,mid,316,16.96,0.98,315,22.5,88,17.7,0
08-06-2025 00:00,Sahiwal,6,4,early,418,15.1,3.19,396,29.2,45,16.3,0
18-04-2025 00:00,Sahiwal,6,2,mid,334,10.95,1.3,390,31.6,63,22.4,0
13-09-2025 18:52,Sahiwal,4,5,mid,570,16.67,4,458,21,55,23,0
13-09-2025 19:21,Sahiwal,12,3,mid,345,12,3,415,22,89,18.777,0
13-09-2025 19:22,Sahiwal,12,3,mid,345,12,3,415,22,89,18.777,0
13-09-2025 19:46,Sahiwal,12,3,mid,345,12,3,415,22,89,18.777,0
13-09-2025 19:47,Sahiwal,12,3,mid,345,12,3,415,22,89,18.777,0
13-09-2025 19:49,Sahiwal,12,3,mid,345,12,3,415,22,89,18.777,0
13-09-2025 19:49,Sahiwal,12,3,mid,345,12,3,415,22,89,18.777,0
13-09-2025 19:51,abc,12,23,mid,456,230,2,34,23,80,17.364,0
13-09-2025 23:19,kaaa,12,7,late,2,34,1,4,21,90,16,0
13-09-2025 23:54,kaaa,12,7,late,2,3,1,4,21,90,16.508,0
13-09-2025 23:54,kaaa,12,7,late,2,1,1,4,21,90,16.508,0
13-09-2025 23:54,kaaa,4,7,late,2,1,1,4,21,90,16.032,0
13-09-2025 23:54,kaaa,23,7,late,2,1,1,4,21,90,16.508,0
13-09-2025 23:55,kaaa,23,7,early,2,1,1,4,21,90,15.945,0
13-09-2025 23:55,kaaa,23,7,early,2,1,1,4,1,90,16.077,1
14-09-2025 00:35,kaaa,23,7,early,2,1,1,4,1,90,16.077,1
14-09-2025 01:34,kaaa,23,7,early,2,1,1,4,1,90,16.077,1
14-09-2025 01:35,kaaa,23,7,early,2,1,1,4,1,90,16.077,1
14-09-2025 01:35,kaaa,23,7,early,2,1,1,4,1,90,16.077,1
14-09-2025 05:44,kaaa,23,7,early,2,1,1,4,1,90,16.077,1
14-09-2025 05:44,kaaa,23,7,early,2,1,1,4,1,90,16.077,1
14-09-2025 06:16,Sahiwal,12,8,mid,120,24,5,8,17,90,16.638,0
14-09-2025 08:36,Jersey,10,7,mid,344,12,4.4,6,23,90,17.807,0
14-09-2025 08:37,Jersey,10,7,mid,344,12,4.4,6,23,90,17.807,0
14-09-2025 08:37,Jersey,10,7,mid,344,12,4.4,6,23,90,17.807,0
14-09-2025 08:54,Jersey,10,7,mid,344,12,4.4,6,23,90,17.807,0
14-09-2025 10:22,Jersey,10,7,mid,344,12,4.4,6,23,90,17.807,0
14-09-2025 10:25,Jersey,10,7,mid,344,12,4.4,6,23,90,17.807,0
14-09-2025 10:50,Jersey,10,7,mid,344,12,4.4,6,23,90,17.807,0
