Feature,Accuracy,Precision,Recall,F1
Payment Delay,0.7850097087378641,0.711922636467744,0.9173635022134776,0.8016907866456512
Support Calls,0.6655533980582524,0.6117412439237193,0.8047220855878012,0.695085681914743
Support_Calls_Per_Tenure,0.5976699029126213,0.5464657700475276,0.8860468929332678,0.6760070052539404
Tenure,0.6143689320388349,0.5664712778429074,0.7922610263977701,0.6606056463189555
Spend_Per_Tenure,0.5839223300970874,0.5398667526327101,0.823741596983112,0.6522557611165206
Total Spend,0.5506796116504854,0.5262981574539364,0.515166420724709,0.5206727980777198
Age,0.5397281553398058,0.5206987317540082,0.3567797999672077,0.4234286826230784
Usage Frequency,0.5816699029126213,0.6449776331842212,0.2600426299393343,0.37064734751110073
Last Interaction,0.5262912621359224,0.0,0.0,0.0
