Max Depth,Actual Depth,Leaves,Accuracy,Precision,Recall,F1
1.0,1,2,0.7850097087378641,0.711922636467744,0.9173635022134776,0.8016907866456512
2.0,2,4,0.8207378640776699,0.8636102052560906,0.7381537957042138,0.795968882602546
3.0,3,7,0.8916504854368932,0.8944984904394498,0.8744056402688966,0.8843379487604677
4.0,4,12,0.9425242718446601,0.9253849817431339,0.955730447614363,0.94031295370221
5.0,5,21,0.9555728155339805,0.9291815499301134,0.9809804886046893,0.9543786887860903
7.0,7,54,0.9937087378640777,0.9958800263678312,0.9908181669126086,0.9933426481466261
10.0,10,97,0.9983689320388349,0.9970559371933267,0.999508116084604,0.9982805207565709
15.0,13,114,0.9991456310679612,0.9985260399606944,0.9996720773897361,0.9990987300286768
,13,114,0.9991456310679612,0.9985260399606944,0.9996720773897361,0.9990987300286768
